delta_power_ch0,delta_power_ch1,delta_power_ch2,delta_power_mean,delta_power_std,theta_power_ch0,theta_power_ch1,theta_power_ch2,theta_power_mean,theta_power_std,mu_power_ch0,mu_power_ch1,mu_power_ch2,mu_power_mean,mu_power_std,alpha_power_ch0,alpha_power_ch1,alpha_power_ch2,alpha_power_mean,alpha_power_std,beta_power_ch0,beta_power_ch1,beta_power_ch2,beta_power_mean,beta_power_std,gamma_power_ch0,gamma_power_ch1,gamma_power_ch2,gamma_power_mean,gamma_power_std,total_power_ch0,total_power_ch1,total_power_ch2,total_power_mean,mu_beta_ratio,beta_gamma_ratio,mu_alpha_ratio,alpha_beta_ratio,mean_ch0,std_ch0,var_ch0,skewness_ch0,kurtosis_ch0,zcr_ch0,energy_ch0,mean_ch1,std_ch1,var_ch1,skewness_ch1,kurtosis_ch1,zcr_ch1,energy_ch1,mean_ch2,std_ch2,var_ch2,skewness_ch2,kurtosis_ch2,zcr_ch2,energy_ch2,mean_all,std_all,max_amplitude,min_amplitude,hjorth_activity_ch0,hjorth_mobility_ch0,hjorth_complexity_ch0,hjorth_activity_ch1,hjorth_mobility_ch1,hjorth_complexity_ch1,hjorth_activity_ch2,hjorth_mobility_ch2,hjorth_complexity_ch2,hjorth_activity_mean,hjorth_mobility_mean,hjorth_complexity_mean,mean_correlation,std_correlation,max_correlation,min_correlation,power_range,power_std,dominant_channel,filename,subject,method,direction,pattern,iteration,label,erd_score,quality_score
7.645920309594609e-09,7.77838901091144e-09,4.830313755221472e-09,6.751541025242507e-09,1.3595888242434431e-09,4.399008228458789e-09,4.340376427870558e-09,1.984603535865982e-09,3.5746627307317766e-09,1.1245964029799011e-09,2.1203935214463146e-10,2.038527656256338e-10,3.0547776570994625e-10,2.4045662782673715e-10,4.609820190584967e-11,2.765401897638575e-10,2.6560063879421975e-10,3.508823337368382e-10,2.976743874316385e-10,3.788783979385373e-11,1.436143291281921e-10,1.4586144197902797e-10,1.3862903727852833e-10,1.4270160279524947e-10,3.0223303875307312e-12,5.890823454565913e-12,6.158305226619197e-12,7.85937034393579e-12,6.636166341706966e-12,8.718018306536752e-13,1.247097388040001e-08,1.2536385824781857e-08,7.31228803244676e-09,1.0773215912542876e-08,0.9932209608215805,1.3385080629219779,0.5994065503579107,1.2286169158098834,8.233896276516979e-06,0.00016966621304705207,2.8786623849727664e-08,0.09825735664182683,-0.7515328952035678,0.016,2.1640815673215077e-05,8.216090501040966e-06,0.00017012984874145487,2.8944165432790314e-08,0.0899989367644802,-0.7975219908532782,0.016,2.1758752181933706e-05,1.2872944222066337e-05,0.0001660678903126219,2.7578544192885018e-08,-0.1865052158804775,0.00947411228096895,0.016,2.080819266437209e-05,9.774310333208096e-06,0.00016864532401057118,0.0005287113222086528,-0.0005287113222086528,2.8786623849727664e-08,0.08171655994974893,5.206492814025918,2.8944165432790314e-08,0.08115482505337401,5.262105677042006,2.7578544192885018e-08,0.07060029537270837,5.393156379209559,2.8436444491800997e-08,0.07782389345861043,5.287251623425827,0.6993622018101564,0.2123098218931243,0.9996085495122815,0.5477261740050715,1.365621239905296e-09,6.100270648414261e-10,1,kshama_move_LR_lower_1.edf,kshama,move,LR,lower,1,1,-151.7935942133219,0.0
1.4785854654179441e-08,1.4649150015290208e-08,1.1793889281034725e-08,1.3742964650168125e-08,1.3793339299568548e-09,2.8891571590799776e-09,3.017891284761117e-09,1.1925673484780629e-09,2.366538597439719e-09,8.317850238373556e-10,2.906897399147118e-10,2.9963117369100616e-10,7.722595367909623e-11,2.2251562242827138e-10,1.0280014005641483e-10,3.277621917985224e-10,3.347394434309965e-10,9.206468770285105e-11,2.5152210764412335e-10,1.1278939693319629e-10,1.1428362376775027e-10,1.1905925200392294e-10,5.69454040153646e-11,9.676275992901261e-11,2.82225445371618e-11,3.5763692579099853e-12,3.896362357968649e-12,3.763934744536325e-12,3.7455554534716534e-12,1.3128149089220054e-13,1.8120633998083617e-08,1.8124736357844216e-08,1.3139230655975537e-08,1.6461533670634457e-08,1.0721434414175506,0.9327051871237959,0.5902874609153995,1.2147507558306874,-7.035202633949055e-06,0.00017180880357804164,2.9518264986918094e-08,-0.31488384747969056,-0.9354284404323199,0.02,2.2175819297264116e-05,-7.605616893397925e-06,0.00017231370564702213,2.9692013153808587e-08,-0.2991779131050219,-0.9327799487216946,0.028,2.231239392160329e-05,-8.981938370046802e-06,0.0001493172717352003,2.229564763844365e-08,-0.21084805072059104,-0.8000781856917616,0.02,1.6782242141495226e-05,-7.874252632464598e-06,0.00016483115494036503,0.0003559905769504526,-0.0003559905769504526,2.9518264986918094e-08,0.06876578528569491,3.565647052921798,2.9692013153808587e-08,0.06929556497030721,3.5801329125732777,2.229564763844365e-08,0.05472427438655277,3.63540963733824,2.716864192639011e-08,0.06426187488085164,3.593729867611105,0.970224846185618,0.02020950177676195,0.9987275086637591,0.9541474216191702,7.396365515364937e-09,3.446457321573713e-09,1,kshama_move_LR_lower_2.edf,kshama,move,LR,lower,2,1,15.635219370499989,0.0
2.7412320738049795e-09,2.538958837648404e-09,2.5109526069637336e-09,2.5970478394723726e-09,1.0259274604587749e-10,4.723583291445259e-10,4.862013205969165e-10,3.882155294271586e-10,4.48925059722867e-10,4.329851733128894e-11,1.525326265424567e-10,1.5186343928268037e-10,1.8016684711813525e-10,1.6152097098109078e-10,1.3187455543954523e-11,1.851754330619287e-10,1.8647168631816285e-10,2.0051295600231173e-10,1.9072002512746775e-10,6.944839305348901e-12,5.882278894647025e-11,5.455730798144014e-11,3.4395869735985526e-11,4.9258655554631967e-11,1.0652867647851976e-11,3.3606332678334545e-12,2.1469342621637318e-12,3.9684964951262105e-12,3.1586880083744656e-12,7.572356119475108e-13,3.46094925822574e-09,3.2683360868070866e-09,3.1380454586243163e-09,3.289110267885714e-09,1.0945112814333886,0.4780127819746569,0.5548402505528663,1.2881238390822616,-1.1409955158439698e-05,0.00012652252323590472,1.6007948885980052e-08,-0.8686623557628257,2.9299308516271134,0.016,1.2103601972023243e-05,-1.1399619129791931e-05,0.00012629398742912456,1.595017126074787e-08,-0.8883673836239291,3.045207682427547,0.016,1.206009193278914e-05,-9.047475697319482e-06,0.0001219643182954892,1.4875294937283401e-08,-0.4469700204842841,2.119485470646408,0.016,1.1217863815332741e-05,-1.0619016661850364e-05,0.00012494948279062338,0.000580424258543888,-0.000580424258543888,1.6007948885980052e-08,0.08992894286511019,3.1634932167631447,1.595017126074787e-08,0.08997507976061477,3.0862360739184678,1.4875294937283401e-08,0.0953850635042553,4.158736668109622,1.5611138361337106e-08,0.09176302870999342,3.4694886529304116,0.8635394931110687,0.09612425300780657,0.9994767880568965,0.794798248348836,1.1326539486966502e-09,5.208542483502008e-10,0,kshama_move_LR_lower_3.edf,kshama,move,LR,lower,3,1,85.69754515390866,0.0
6.5045246414082404e-09,6.140345631333644e-09,4.559381700371156e-09,5.734750657704347e-09,8.443047345761729e-10,6.469924060054439e-09,6.193269181680565e-09,1.96999006314389e-09,4.877727768292965e-09,2.0591808082975167e-09,1.7948205076162517e-10,1.9651213450699076e-10,1.3914842436708598e-10,1.7171420321190064e-10,2.4054152821229225e-11,1.9676808563793563e-10,2.16648635571907e-10,1.5652143817084594e-10,1.899793864602295e-10,2.5011794474082045e-11,9.646166522714229e-11,1.0678396457871393e-10,9.220094186645769e-11,9.848219055743797e-11,6.122528334727964e-12,5.2947824079487436e-12,4.56858040081341e-12,3.9240672190049995e-12,4.595810009255718e-12,5.599232810437588e-13,1.3272973234735702e-08,1.2661615993565643e-08,6.782018210771353e-09,1.0905535813024231e-08,0.862624121197173,0.9414972714351961,0.5892775138817252,0.9545428107223612,1.3178325530885058e-06,0.0001696620592572765,2.87852143514196e-08,0.9007921999044768,0.6275437892344247,0.028,2.1590213275543183e-05,7.662453962968921e-07,0.00016857814037645136,2.8418589412782537e-08,0.9362822627965681,0.7448233440646534,0.028,2.1314382408592408e-05,-1.0486021433576723e-05,0.00014943228359272202,2.23300073797357e-08,0.5223077845593028,1.2804808233507083,0.02266666666666667,1.6829973018930843e-05,-2.800647828063773e-06,0.00016291363838889003,0.0005925254691118617,-0.0005264953654434869,2.87852143514196e-08,0.089058354291766,4.684397033908151,2.8418589412782537e-08,0.08963857369976738,4.682543816921078,2.23300073797357e-08,0.08145539787364041,4.385827812759642,2.6511270381312612e-08,0.08671744195505793,4.5842562211962905,0.6323311445607547,0.2593836990374785,0.9991293829008538,0.44517114085409426,6.455206971683901e-09,2.960385524181452e-09,0,kshama_move_LR_straight_1.edf,kshama,move,LR,straight,1,1,11.787644215485242,0.0
8.46586043086046e-09,8.139706003307842e-09,9.78817343593636e-09,8.797913290034887e-09,7.127671639807067e-10,2.8133046442606834e-09,2.703820921509547e-09,1.9399695187816364e-09,2.485698361517289e-09,3.88468487552558e-10,5.326904194796085e-10,5.337693889501147e-10,3.332575709999348e-10,4.665724598098859e-10,9.426889104254495e-11,5.540312625632689e-10,5.547045289999828e-10,3.3987949286860536e-10,4.828717614772856e-10,1.011111763796546e-10,1.0714754599829637e-10,1.232211673493876e-10,6.325046481892364e-11,9.787305938886921e-11,2.534604988159801e-11,3.773178753974813e-12,4.057613120265747e-12,5.653615164270363e-12,4.494802346170308e-12,8.275913193223555e-13,1.194411706243668e-08,1.152551023428703e-08,1.2136926527569797e-08,1.18688512747645e-08,2.334717348361585,0.9384461549327172,0.7957887828351934,2.413841322516077,8.469677538482145e-06,0.00011157886058462825,1.2449842129363907e-08,-0.5970512593413924,-0.5647312163373965,0.032,9.391183175227335e-06,8.267798667589045e-06,0.00010962818488120575,1.2018338920347828e-08,-0.5705295085142409,-0.6203206157172789,0.032,9.065021561366711e-06,6.68124424631616e-06,0.00011014366050574257,1.2131625949604275e-08,-0.3815986102926945,0.07545621525155388,0.032,9.132198730712405e-06,7.80624015079578e-06,0.00011045621425182154,0.00032323726594714894,-0.00032323726594714894,1.2449842129363907e-08,0.11537334538269402,2.2033452338480384,1.2018338920347828e-08,0.11782787110778131,2.1753702324867503,1.2131625949604275e-08,0.09439577146569418,2.3458286762298273,1.2199935666438668e-08,0.10919899598538983,2.2415147141882055,0.8748137537566266,0.08745323664125335,0.9984908943495471,0.812698471306762,4.3150320901607904e-10,1.8266256304689246e-10,0,kshama_move_LR_straight_2.edf,kshama,move,LR,straight,2,1,31.208627702763035,0.0
9.709261956036512e-09,9.85635333536704e-09,8.250896577938455e-09,9.272170623114002e-09,7.246421990565451e-10,1.284769025196543e-09,1.3371435437448256e-09,1.062145241210626e-09,1.228019270050665e-09,1.1922364874752727e-10,1.6236007600993042e-10,1.650045582369575e-10,1.660851353564892e-10,1.6448325653445905e-10,1.5647861158674028e-12,2.0484549528037216e-10,2.1003771132242658e-10,2.048369930125867e-10,2.0657339987179516e-10,2.4496405780401686e-12,1.2419396694708123e-10,1.3397233466292267e-10,1.9123877521253062e-10,1.4980169227417815e-10,2.9571134581169715e-11,2.1540381644289455e-11,2.0193496008169205e-11,3.803462422079615e-11,2.658950062441827e-11,8.111582904771468e-12,1.1344610825104808e-08,1.1557700421105393e-08,9.747152211594998e-09,1.0883154485935068e-08,0.6665657011001834,1.1739707916621447,0.5365461853783515,0.8382436342775058,1.45303695391462e-05,0.00013136636399261925,1.725712158864133e-08,-0.6577199130732114,0.4963648558978102,0.02,1.3101189920689109e-05,1.4222698897508138e-05,0.00013190447236936513,1.7398789831040606e-08,-0.6772775674372361,0.5829836835139197,0.02,1.3200806246227338e-05,1.2825189804083901e-05,0.00012661880185032531,1.6032320982011942e-08,-0.3268160065800994,0.0959274572443869,0.017333333333333333,1.214760485664204e-05,1.3859419413579408e-05,0.00012998703035127962,0.00047132926180179524,-0.00047132926180179524,1.725712158864133e-08,0.09568388872259775,4.389160323115991,1.7398789831040606e-08,0.09588131045553284,4.359540796730723,1.6032320982011942e-08,0.10231232406002289,4.629613032818905,1.6896077467231294e-08,0.09795917441271783,4.45943805088854,0.8957681221438006,0.07360599292490903,0.9998075403722015,0.840813641707241,1.3664688490286635e-09,6.135002972262196e-10,1,kshama_move_LR_straight_3.edf,kshama,move,LR,straight,3,1,1.8549524878519925,0.0
6.445738182165353e-09,6.290323037315321e-09,5.316774707579011e-09,6.017611975686562e-09,4.996119321290143e-10,6.861454405566353e-10,7.661939986829327e-10,5.430248137464321e-10,6.651214176619999e-10,9.231333753512586e-11,1.531158630216369e-10,1.6038756592921537e-10,1.5974573154346667e-10,1.57749720164773e-10,3.2870921153229323e-12,1.7692811269579497e-10,1.8359102207426615e-10,1.847067896901787e-10,1.8174197482007996e-10,3.4342573924987886e-12,8.104117514612648e-11,8.409349772584049e-11,1.2507565410164096e-10,9.673677565786932e-11,2.007732040339393e-11,7.442480495211113e-12,7.469177939586843e-12,6.4957710466922866e-12,7.135809827163414e-12,4.5270698305804463e-13,7.397295391059124e-09,7.331670733737942e-09,6.1760777361639585e-09,6.968347953653674e-09,0.8089076099950733,0.9037434515326929,0.5598521075562577,0.9317315797376806,7.276911671631158e-07,0.00015978611395300928,2.5531602212204063e-08,-0.019189462766443406,0.3984069918483568,0.017333333333333333,1.9149098809979122e-05,6.260847715010489e-07,0.0001589990221054944,2.52806890305035e-08,-0.03201063421428658,0.36900550073806615,0.02,1.896081075948345e-05,-3.6477678056209133e-06,0.00014998563633076843,2.249569110554552e-08,-0.5450405827476168,0.6054739336352055,0.014666666666666666,1.688174798663193e-05,-7.646639556522497e-07,0.00015633346404603362,0.0005019114829543457,-0.0005019114829543457,2.5531602212204063e-08,0.07316239441505767,5.833127142081224,2.52806890305035e-08,0.0739484945200914,5.792295437163123,2.249569110554552e-08,0.0803648078451423,4.688296084992282,2.443599411608436e-08,0.07582523226009712,5.437906221412209,0.691916376092101,0.21764500342770293,0.9996962700822596,0.5352562455070303,3.035911106658544e-09,1.3758200429119461e-09,0,kshama_move_LR_upper_1.edf,kshama,move,LR,upper,1,1,69.77236050597237,0.0
1.0180313015890521e-08,1.0220502454721734e-08,9.574213214078103e-09,9.99167622823012e-09,2.956465501090302e-10,2.8858653684395547e-09,2.807273319188718e-09,1.3877630981321486e-09,2.360300595253474e-09,6.884359399061132e-10,2.9583116130262335e-10,2.832467977389933e-10,1.4024194492030374e-10,2.3977330132064013e-10,7.056656305334934e-11,3.687666830446435e-10,3.609893139210045e-10,1.8892841281861151e-10,3.0622813659475314e-10,8.30041796782575e-11,9.086685789404576e-11,9.267516565142981e-11,6.604215733760256e-11,8.319472696102605e-11,1.2151144740342955e-11,3.2161404723472846e-12,3.925278446527401e-12,4.944716796761411e-12,4.028711905212033e-12,7.094682927436395e-13,1.352902806574111e-08,1.3485365531929415e-08,1.1221891599163227e-08,1.2745428398944586e-08,1.2882084698845893,0.8004691478484379,0.5769676515574808,1.6478202445507912,-8.317674311783691e-07,0.00015371841954324236,2.3629352506872277e-08,-0.29066443821755733,-0.27530599774446873,0.02666666666666667,1.7722533257948884e-05,-1.289786411000963e-06,0.0001535335399013124,2.3572547874627888e-08,-0.2778573611994141,-0.26831420931014494,0.02666666666666667,1.7680658567710416e-05,-3.8261930812851184e-07,0.00014606056761731168,2.1333689412691275e-08,-0.4711385493718784,-0.383385241002808,0.016,1.600037685766967e-05,-8.347243834359511e-07,0.00015114672924389623,0.0004484285074726783,-0.0004484285074726783,2.3629352506872277e-08,0.08076636417372131,3.2481546527445286,2.3572547874627888e-08,0.0805088248443523,3.2501836288846637,2.1333689412691275e-08,0.06459715034867136,3.6215794216602712,2.2845196598063815e-08,0.07529077978891499,3.373305901096488,0.9364078582073286,0.04450429328409438,0.999329670946573,0.9036890598389142,2.2956630941810024e-09,1.0690485396325447e-09,0,kshama_move_LR_upper_2.edf,kshama,move,LR,upper,2,1,64.6471139366622,0.0
7.29183521272889e-09,7.51687555673408e-09,7.871361282129758e-09,7.560024017197577e-09,2.3854972718363825e-10,1.2115042571486784e-09,1.2125765545914251e-09,1.05744569884115e-09,1.1605088368604177e-09,7.287795857566917e-11,1.962880015002793e-10,1.9371050929831747e-10,2.546773168305049e-10,2.1489194254303388e-10,2.8152180163158632e-11,2.3190454355671094e-10,2.2937356003622606e-10,3.450114847993508e-10,2.687631961307626e-10,5.392558213601102e-11,3.081489965664478e-10,3.1998491730987114e-10,2.2822175711294705e-10,2.854518903297553e-10,4.0755272591174146e-11,1.123107792529623e-11,1.1714064695523694e-11,3.025473119890237e-11,1.7733291273240765e-11,8.856190392940526e-12,9.054624087926018e-09,9.290524653367128e-09,9.532294954082108e-09,9.292481231791751e-09,0.5726950379763552,2.4622631181624155,0.5839369117759193,0.7218289136854166,1.650254953499339e-06,0.00013189025558687996,1.739503951877252e-08,-0.33199886309152726,-0.026122243400232836,0.02666666666666667,1.304832214513805e-05,1.4764149203684018e-06,0.00013254755257341712,1.7568853693202774e-08,-0.3466913859491871,0.008956259483488882,0.02666666666666667,1.3178275120664896e-05,1.2898548528037824e-06,0.00012313724276332287,1.5162780555353513e-08,-0.21551918212446197,-0.34985339715317787,0.018666666666666668,1.137333321067111e-05,1.4721749088905047e-06,0.00012926296032817708,0.0004405018545918422,-0.0004405018545918422,1.739503951877252e-08,0.10641269427852439,3.242323169141343,1.7568853693202774e-08,0.1064600674496893,3.246483975899932,1.5162780555353513e-08,0.11488525072972622,3.792772910494162,1.670889125577627e-08,0.1092526708193133,3.4271933518451454,0.8660357380299422,0.09444283474671322,0.999591892975167,0.7981447096699303,2.4060731378492606e-09,1.09556577933642e-09,1,kshama_move_LR_upper_3.edf,kshama,move,LR,upper,3,1,16.14780314063586,0.0
7.336651237734856e-09,6.8656835822016765e-09,6.031674819468585e-09,6.744669879801706e-09,5.395826165869181e-10,2.7039231456372427e-09,2.8083789012199812e-09,1.293906526865457e-09,2.2687361912408937e-09,6.906264823227941e-10,7.658303746758143e-10,7.855039908899571e-10,3.525513961878829e-10,6.346285872512181e-10,1.996203381127473e-10,8.160454908448293e-10,8.329199757589595e-10,3.744405872086172e-10,6.744686846041353e-10,2.1226372194412652e-10,4.8374005958350845e-11,5.2131634906210306e-11,6.550872756350495e-11,5.533812280935536e-11,7.353495523730893e-12,6.8496081827014684e-12,6.0361457713130386e-12,6.033222722921965e-12,6.306325558978824e-12,3.8416068077667234e-13,1.091184348835798e-08,1.0565150239858142e-08,7.771563883829089e-09,9.74951920401507e-09,4.151637201312419,0.5207277650911217,0.8070302570364715,4.412426342528181,-2.857470608562303e-06,0.00017639969845942695,3.111685361657675e-08,-0.7003104778025937,-0.11948724435416702,0.025333333333333333,2.334376406614166e-05,-3.0319745994262293e-06,0.00017538721792796102,3.076067621251009e-08,-0.702944114851249,-0.12809655560456834,0.025333333333333333,2.3077401811861242e-05,-7.392272551705136e-06,0.00016959058912152536,2.8760967918586037e-08,-0.8388775966911498,0.6985354506104651,0.014666666666666666,2.1611710209048547e-05,-4.4272392532312185e-06,0.00017383104834597864,0.000656256240788318,-0.000656256240788318,3.111685361657675e-08,0.09156325018559122,5.399124778545477,3.076067621251009e-08,0.09212504845845097,5.310879786271976,2.8760967918586037e-08,0.09182529268369781,5.0535486097589555,3.021283258255763e-08,0.09183786377591334,5.254517724858803,0.7516615430294248,0.1751702705685122,0.9993894416585886,0.6274786624484027,2.355885697990715e-09,1.0368699171573765e-09,0,kshama_move_RL_lower_1.edf,kshama,move,RL,lower,1,0,9.485020940326354,0.0
2.9273017723672063e-09,3.1731922939525216e-09,2.3091640957681977e-09,2.803219387362642e-09,3.634863688555854e-10,2.045609089206959e-09,2.0149685886870227e-09,1.0835788066027518e-09,1.7147188281655781e-09,4.4645866190258603e-10,1.7854961544296303e-10,1.6375181632091078e-10,1.3394790164114915e-10,1.5874977780167433e-10,1.8548917498076497e-11,2.0461885956332572e-10,1.8672618888586684e-10,1.5270086204845567e-10,1.813486368325494e-10,2.1533820934414114e-11,1.0274094630565883e-10,1.064356491473943e-10,4.3557322248030476e-11,8.424463923369454e-11,2.880979034855006e-11,4.442795806424884e-12,4.698495139466006e-12,4.645078590758572e-12,4.595456512216487e-12,1.1012810794266295e-13,5.284713463249574e-09,5.486021215812273e-09,3.5936461652581954e-09,4.7881269481066815e-09,0.8689916484328815,0.8055120060666239,0.5624382668863085,0.9924933828883825,-8.806369809360873e-06,9.094107794356932e-05,8.270279657538351e-09,0.1526308398372472,-0.8710009568419341,0.032,6.26087385506818e-06,-9.009179331299191e-06,9.174479771907818e-05,8.417107908514574e-09,0.13835392654946324,-0.8903969086652439,0.032,6.373704915553561e-06,-9.431512001748365e-06,8.35919790920857e-05,6.987618968531693e-09,0.14797183665579175,-0.7877534741987686,0.029333333333333333,5.307429290378111e-06,-9.082353714136144e-06,8.883544706872443e-05,0.00019462326679471522,-0.00019462326679471522,8.270279657538351e-09,0.11173204205485829,2.4442881501554483,8.417107908514574e-09,0.11089212055490809,2.4941371828808183,6.987618968531693e-09,0.09026790580656968,2.4553115884498355,7.891668844861539e-09,0.10429735613877868,2.4645789738287007,0.9422235884862613,0.03949301096510826,0.9980299664952946,0.9123754051964308,1.4294889399828803e-09,6.420639988818309e-10,1,kshama_move_RL_lower_2.edf,kshama,move,RL,lower,2,0,65.57461281329479,0.0
7.830713145118729e-09,7.78862582754945e-09,6.775301235377003e-09,7.464880069348395e-09,4.879085035612391e-10,5.059434798395489e-10,5.054143996794921e-10,3.972417669156388e-10,4.695332154782266e-10,5.1118229839669384e-11,3.1223258209285017e-10,2.9996737448010994e-10,2.1449846814035898e-10,2.7556614157110636e-10,4.347071338368099e-11,3.6022134245714435e-10,3.4630588625584436e-10,2.569849815047004e-10,3.211707367392297e-10,4.5740342234492545e-11,7.1534190085385e-11,7.065619517114846e-11,8.693166032493322e-11,7.637401519382222e-11,7.473982508373525e-12,4.3376838593079164e-12,4.242171561340069e-12,1.3522836920571652e-11,7.36756411373988e-12,4.352609802915778e-12,8.772749841360116e-09,8.715244480217272e-09,7.529982481042851e-09,8.339325600873412e-09,1.5751448088523654,0.7097248094777999,0.6504709930682019,1.8346705144807929,-1.5254224547365154e-07,0.00014680274039187842,2.155104458656525e-08,-0.4243952688401353,-0.32940475439260863,0.010666666666666666,1.6163300891776428e-05,-5.507570626001925e-07,0.00014709146172616549,2.163589811274001e-08,-0.4233702054745674,-0.3542053789471038,0.010666666666666666,1.6227151084561507e-05,-2.6127024726163203e-06,0.00013617300676853626,1.8543087772383822e-08,-0.31733539338493033,-0.30242318538650803,0.017333333333333333,1.3912435489945678e-05,-1.1053339268967136e-06,0.00014344977982916565,0.0004791683648116304,-0.0004791683648116304,2.155104458656525e-08,0.07335068040700451,3.437796733466789,2.163589811274001e-08,0.0730495448849469,3.496140385608457,1.8543087772383822e-08,0.07752510520009262,4.735645770970626,2.057667682389636e-08,0.07464177683068134,3.889860963348624,0.9305549635152865,0.048968302548844336,0.9997798231599521,0.8942748745086461,3.0928103403561873e-09,1.4383818114000705e-09,1,kshama_move_RL_lower_3.edf,kshama,move,RL,lower,3,0,81.75104290494176,0.0
4.065412289895789e-09,4.073181469947682e-09,4.0536036894346666e-09,4.064065816426046e-09,8.049104114019852e-12,1.3948063454881402e-09,1.4796130374944721e-09,9.201158955461784e-10,1.26484509284293e-09,2.4620683493614516e-10,3.2231583272044593e-10,3.1348031946945707e-10,2.6845783360924644e-10,3.0141799526638317e-10,2.358383296456195e-11,3.47063931736909e-10,3.386929638819978e-10,3.046269369023914e-10,3.3012794417376607e-10,1.835291629138754e-11,9.073071387061577e-11,9.253222390796143e-11,1.1662797247548886e-10,9.996363675135535e-11,1.1806394410054195e-11,6.285156280074249e-12,5.525579892956586e-12,6.219158170695013e-12,6.00996478124195e-12,3.435699614438825e-13,5.904298437271526e-09,5.989545275125067e-09,5.401193652529421e-09,5.765012454975339e-09,1.5191180352931763,0.942839169949122,0.6996697796332896,1.6616750792925021,1.5624450910818854e-05,0.000172350873788031,2.970482369549779e-08,0.8291465620240357,1.6899305267060587,0.032,2.2461710371321788e-05,1.546783544206806e-05,0.00017237985058427742,2.971481288745781e-08,0.813364850403665,1.6283096389893208,0.029333333333333333,2.246555011554053e-05,1.7665202070492545e-05,0.00015260158531318644,2.3287243840097723e-08,0.39469141710762434,1.684008851945662,0.010666666666666666,1.7699477403216793e-05,1.6252496141126483e-05,0.00016604204918666451,0.0005963258631448134,-0.0004840254417274666,2.970482369549779e-08,0.08201613926232744,5.879713489055043,2.971481288745781e-08,0.08205950914153533,5.876750002089362,2.3287243840097723e-08,0.09053018115833036,5.026130472224464,2.7568960141017775e-08,0.08486860985406437,5.594197987789623,0.7538162469190524,0.17392807581879619,0.9997870473631908,0.6303436776341999,6.427569047360088e-09,3.027633377977192e-09,1,kshama_move_RL_straight_1.edf,kshama,move,RL,straight,1,0,-18.557935561566005,0.0
8.670782220883866e-09,8.773021993760994e-09,8.672236866261845e-09,8.705347026968901e-09,4.785711264467065e-11,2.860315495074271e-09,2.8501516929323995e-09,1.520397824380853e-09,2.410288337462508e-09,6.292612969045757e-10,5.458321396814083e-10,5.43246229360318e-10,2.1685340030147143e-10,4.353105897810659e-10,1.5447616743808683e-10,6.241972707318699e-10,6.232561248130221e-10,2.412874927352329e-10,4.962469627600416e-10,1.8028397960885423e-10,8.094878605179983e-11,8.690224256928793e-11,3.453352647585891e-11,6.74615183656489e-11,2.341011745018183e-11,4.77076227997177e-12,4.512715156244927e-12,5.4760835891581836e-12,4.91985367512496e-12,4.071779852144755e-13,1.2241014535021781e-08,1.2337844769231953e-08,1.0473931793442947e-08,1.1684263699232226e-08,2.511657120113425,0.6438443642440542,0.7134054288541881,2.8592518198535752,1.573006351271203e-06,0.0001419538483977033,2.015089507491813e-08,-0.04589577712530533,-0.11054948284764743,0.050666666666666665,1.5115027067924455e-05,1.7125936856296578e-06,0.00014187028773637801,2.012717854240269e-08,-0.04165131500815614,-0.10349385595299543,0.030666666666666665,1.5097583639651061e-05,3.1911948592071806e-06,0.00013292590014970593,1.766929493060959e-08,-0.020199242767643674,0.20141063488210298,0.018666666666666668,1.3259608991429265e-05,2.1589316320360143e-06,0.00013898318440408252,0.00037489783225865285,-0.00036554781683867637,2.015089507491813e-08,0.08286530722763369,3.2848574809572715,2.012717854240269e-08,0.0826353900485094,3.2567772641458443,1.766929493060959e-08,0.06278535508349742,3.377230269574593,1.9315789515976805e-08,0.07609535078654683,3.3062883382259027,0.9648087510180136,0.024267199755668167,0.9991247017858034,0.9472543943161671,2.48160014430854e-09,1.1642877459950357e-09,0,kshama_move_RL_straight_2.edf,kshama,move,RL,straight,2,0,25.103152798281766,0.0
8.194178663921564e-09,8.254477543025493e-09,7.077547376487043e-09,7.8420678611447e-09,5.411578126579968e-10,1.229055684287738e-09,1.2396401574659226e-09,6.126239974553262e-10,1.0271066130696623e-09,2.931153205969635e-10,1.212918130451006e-09,1.2011128124454897e-09,6.231548015689048e-10,1.0123952481551336e-09,2.752767520481741e-10,1.2780866851424497e-09,1.265108836358623e-09,6.9285522548858e-10,1.0786835823298843e-09,2.728732878668651e-10,1.85420207442739e-10,1.80995588912235e-10,1.5466963469597323e-10,1.7369514368364909e-10,1.3573793536694665e-11,1.0700114843519587e-11,1.1119292548057542e-11,2.8009770861084605e-11,1.6609726084220578e-11,8.062865213345854e-12,1.0897441355638004e-08,1.0951341418310336e-08,8.565706004988004e-09,1.0138162926312114e-08,3.656997262293352,1.5040274016635473,0.8486584508455568,3.9002512480179288,-6.596038051155333e-06,0.00016649256431390246,2.7719773971818946e-08,-0.18900535974528665,-0.685116809391177,0.02666666666666667,2.0822461267343425e-05,-6.880568197584578e-06,0.00016734341833211312,2.800381965907661e-08,-0.1835039811475136,-0.6935687403067807,0.02666666666666667,2.1038371408348664e-05,-7.287394561955552e-06,0.00014823495790318865,2.197360274456011e-08,0.03987134469151878,-0.6394192202886462,0.018666666666666668,1.65200316480463e-05,-6.921333603565152e-06,0.0001609321159734705,0.00045441764814007203,-0.00045441764814007203,2.7719773971818946e-08,0.09440786098885795,3.0295149465986455,2.800381965907661e-08,0.0942605125912999,3.064607589331085,2.197360274456011e-08,0.08530069764292914,4.4119039568769605,2.5899065458485223e-08,0.091323023741029,3.5020088309355635,0.8754499713529809,0.08790544006070145,0.9997651956117757,0.8127063971834174,6.0302169145165e-09,2.77814250017581e-09,1,kshama_move_RL_straight_3.edf,kshama,move,RL,straight,3,0,61.439349053045675,0.0
9.988519432614668e-09,9.915642954399423e-09,9.044215035095724e-09,9.649459140703272e-09,4.2900510160041586e-10,7.896135666263631e-10,7.908811967866829e-10,7.370051034093361e-10,7.724999556074606e-10,2.510398535400138e-11,2.2854889996602453e-10,2.2315974606371256e-10,2.5251573908796603e-10,2.3474146170590104e-10,1.2759426509751955e-11,2.454349226187206e-10,2.3939338553872476e-10,2.7598253895210155e-10,2.5360361570318227e-10,1.6015350904845535e-11,4.8951476394071786e-11,4.446129551769915e-11,8.71668499144602e-11,6.019320727541038e-11,1.916113216888137e-11,4.027456869691259e-12,3.776358851093558e-12,6.075159688092181e-12,4.626325136292332e-12,1.0295965949835961e-12,1.1076546855123516e-08,1.0994155191093628e-08,1.0150444687059712e-08,1.0740382244425617e-08,1.4761015243768396,0.5735809700432416,0.6635891432306316,1.5931410559422023,-1.0912077031987685e-05,0.00018338139950161724,3.3628737683171745e-08,-0.22479472361639874,-0.8015568879297796,0.010666666666666666,2.5310858331242832e-05,-1.1178010392957564e-05,0.00018329886740376774,3.359847479150403e-08,-0.22474526743730133,-0.8059728123656527,0.010666666666666666,2.5292567030886825e-05,-1.8488799365970426e-05,0.0001631157602474239,2.6606751241095075e-08,0.11326757437615115,-0.11078122514776423,0.014666666666666666,2.0211440207317633e-05,-1.3526295596971892e-05,0.0001768906806868139,0.00046727399314554533,-0.00046727399314554533,3.3628737683171745e-08,0.07850222209916322,4.576707414199937,3.359847479150403e-08,0.0786044287550168,4.559431164036841,2.6606751241095075e-08,0.07480274158181344,4.68136554943322,3.1277987905256956e-08,0.07730313081199781,4.605834709223333,0.7057562419267934,0.2079340620106186,0.9998128859102328,0.5570312133454405,7.02198644207667e-09,3.303086227566641e-09,0,kshama_move_RL_upper_1.edf,kshama,move,RL,upper,1,0,64.04339579227091,0.0
7.304018077501206e-09,7.458163624662288e-09,5.427373182928852e-09,6.729851628364115e-09,9.231387718160229e-10,2.979677415157845e-09,3.0524080914615576e-09,1.3953527176936423e-09,2.475812741437682e-09,7.645773712758469e-10,3.2725853054527336e-10,3.300353142182755e-10,1.3703453769178748e-10,2.647761274851121e-10,9.033405763825062e-11,3.6547429132347767e-10,3.7111990406003434e-10,1.4810612253488051e-10,2.949001059727975e-10,1.0382460664014539e-10,9.233972775585776e-11,8.607516567441601e-11,3.887327622517564e-11,7.242938988514981e-11,2.3865187442365892e-11,2.8162648031200448e-12,3.0435326540008315e-12,2.3415797836233426e-12,2.733792413581406e-12,2.9244455809031406e-13,1.0744325776541513e-08,1.0970810318512297e-08,7.012046879166171e-09,9.575727658073327e-09,1.4872957193551597,0.7044236645435883,0.6519735098175627,1.653698684295872,-1.6057270810224566e-06,0.00012867602114400084,1.6557518417451354e-08,0.4710392551053145,-0.4483706005330639,0.029333333333333333,1.2420072582682563e-05,-1.7206734783175893e-06,0.00012778348354399835,1.6328618666639296e-08,0.5078004186168624,-0.3542765206655063,0.032,1.224868453789371e-05,-9.583489312640658e-07,0.00010933758147346671,1.1954706722466971e-08,0.5788438513181436,-0.3242727566942363,0.018666666666666668,8.966718866355769e-06,-1.4282498302013743e-06,0.00012225817167395802,0.00032780461683778106,-0.00025508204809928563,1.6557518417451354e-08,0.09252539499967195,2.6826320487726765,1.6328618666639296e-08,0.09337132381553209,2.662552267767958,1.1954706722466971e-08,0.077071118213688,2.5191424289036912,1.4946947935519208e-08,0.08765594567629735,2.6214422484814417,0.9549384569898854,0.031010980020369668,0.9987875804693148,0.9323341156535626,4.602811694984383e-09,2.117896658133047e-09,0,kshama_move_RL_upper_2.edf,kshama,move,RL,upper,2,0,49.16994557114696,0.0
1.3443783294749138e-08,1.3528457131709354e-08,1.2502717253116646e-08,1.3158319226525047e-08,4.648676337189135e-10,1.3791660884117134e-09,1.394718395109854e-09,1.2897724899882837e-09,1.3545523245032836e-09,4.6244198055910004e-11,2.1475075459694189e-10,2.1319286329478382e-10,1.9276361352983945e-10,2.0690241047385505e-10,1.0017848757606383e-11,2.521349248386087e-10,2.4885061509866964e-10,2.350952305543423e-10,2.453602568305402e-10,7.381271162215878e-12,1.0106489234282855e-10,9.834977720821269e-11,1.2991271032010085e-10,1.0977579329038068e-10,1.4282029107586689e-11,3.0441225536475765e-12,3.390157123384277e-12,8.658116705240532e-12,5.0307987940907954e-12,2.5687884825696836e-12,1.517919332289594e-08,1.5273766076249476e-08,1.416615580068461e-08,1.4873038399943342e-08,0.9937735473687997,1.0425503832194325,0.5987444142620619,1.1770479922278365,-1.1131892453769887e-05,0.0001990261159373845,3.9611394825121214e-08,0.21301718819058083,-0.996986538664355,0.009333333333333334,2.9801485391042628e-05,-1.1222416802457815e-05,0.00019997808210285104,3.999123332153463e-08,0.21082444620645882,-1.0048722111686437,0.009333333333333334,3.0087881970317033e-05,-1.3340124839629126e-05,0.00019303673809083717,3.726318225275047e-08,0.1959505549372133,-0.9911573265939388,0.009333333333333334,2.8080855887615517e-05,-1.1898144698618944e-05,0.00019737353204590338,0.000462180994613811,-0.000462180994613811,3.9611394825121214e-08,0.0610176856067062,4.3194062019550605,3.999123332153463e-08,0.06113050218423198,4.368800274084343,3.726318225275047e-08,0.06201495942334316,5.295558042081532,3.8955270133135435e-08,0.06138771573809378,4.661254839373645,0.9421031011085231,0.04081826491985506,0.9998270094955505,0.912842490426592,2.7280510687841602e-09,1.2064936433176022e-09,1,kshama_move_RL_upper_3.edf,kshama,move,RL,upper,3,0,39.55696156426838,0.0
2.693540008193734e-08,2.5861276951005197e-08,1.6946129974175415e-08,2.3247602335705984e-08,4.4773392818690215e-09,8.121966505996678e-09,8.232234404416725e-09,5.777141832711664e-09,7.377114247708356e-09,1.1322466012073086e-09,1.0767501126758092e-09,1.1266246818844485e-09,9.970437384028956e-10,1.0668061776543845e-09,5.33664477062451e-11,1.2086089570936723e-09,1.2529537411491652e-09,1.1900679971262844e-09,1.2172102317897074e-09,2.6383588903272334e-11,1.0826880339156752e-10,1.0337778269659041e-10,1.385743983931964e-10,1.1674032816045144e-10,1.5567604997900895e-11,6.041825691681055e-12,6.6434315610391455e-12,7.299521113650871e-12,6.6615927887903574e-12,5.136125752977834e-13,3.6380286174110915e-08,3.545648631082871e-08,2.405921372352023e-08,3.1965328736153285e-08,4.962913766438216,1.093950490877706,0.8094655390082606,5.65069605781456,-6.218761784388567e-06,0.00020720055319321378,4.293206924357381e-08,-0.20318766113819547,-0.7528490286283689,0.02666666666666667,3.222805668127859e-05,-6.639640369290841e-06,0.00020541388152116302,4.21948627215904e-08,-0.16583889403818125,-0.75274522945876,0.029333333333333333,3.167921065936794e-05,-1.0826125616381174e-05,0.0001834188304683904,3.364246737039213e-08,-0.22366554443464906,-0.5859287798292736,0.02666666666666667,2.5319754274690347e-05,-7.894842590020187e-06,0.00019898272666676281,0.0005352911910083116,-0.0005352911910083116,4.293206924357381e-08,0.08449829880048458,3.1263195888519433,4.21948627215904e-08,0.08522110506112468,3.0723880693012515,3.364246737039213e-08,0.0974156403913239,3.2968844817447027,3.9589799778518786e-08,0.08904501475097772,3.165197379965966,0.6629224773926939,0.23787346639717283,0.9992726612631084,0.48954215909697607,9.289601873181676e-09,4.216154681189868e-09,0,kshama_watch_LR_lower_1.edf,kshama,watch,LR,lower,1,1,47.60816988681073,0.0
8.800401699294046e-09,8.599229932557566e-09,7.020228178481774e-09,8.13995327011113e-09,7.960132873896198e-10,2.91288411455124e-09,2.834599813661969e-09,1.7062936652440991e-09,2.4845925311524358e-09,5.512676007452176e-10,3.4268942866855807e-10,3.5614185716464953e-10,3.433710922006491e-10,3.4740079267795227e-10,6.187127635297669e-12,4.5152379571123797e-10,4.654264742344537e-10,5.005995383263316e-10,4.72516602757341e-10,2.0652837902800424e-11,6.43290962023772e-11,6.873331055925896e-11,1.0248961662778832e-10,7.851734112980816e-11,1.704605077309963e-11,4.023769904353344e-12,4.3657443227873e-12,5.1195641417108e-12,4.503026122950482e-12,4.577670238221511e-13,1.2233162475663251e-08,1.1972355275336039e-08,9.334730562821708e-09,1.1180082771273665e-08,1.963936885060967,0.7506567224557398,0.6076427430443211,2.6594196712797324,2.1087351857919777e-05,0.0001536367235575581,2.3604242825501524e-08,0.7092870907205936,-0.037985174320793735,0.02666666666666667,1.8036689425410927e-05,2.127665560808264e-05,0.00015300537627816748,2.341064517002362e-08,0.7292508539959971,0.005652403539203821,0.021333333333333333,1.7897505932916433e-05,1.5831825984351745e-05,0.00013671991105272067,1.8692334078263853e-08,0.8292308158412346,0.7371923917855203,0.02666666666666667,1.4207235594196986e-05,1.9398611150118048e-05,0.0001480161285427729,0.0005791110998321805,-0.00025979933299300373,2.3604242825501524e-08,0.07748019679948692,3.655715295091185,2.341064517002362e-08,0.07741730739678632,3.6777039761594112,1.8692334078263853e-08,0.0959016251853066,3.5469496256294364,2.1902407357929664e-08,0.08359970979385994,3.626789632293344,0.751162846048039,0.175503643725973,0.9993473684737539,0.6246987579275628,4.911908747237671e-09,2.271240169110253e-09,0,kshama_watch_LR_lower_2.edf,kshama,watch,LR,lower,2,1,-22.246200885066088,0.0
7.22830455860632e-09,7.219561797204374e-09,6.503709753000425e-09,6.983858702937039e-09,3.3953533891988154e-10,1.1498734040594076e-09,1.1442321228399373e-09,7.183151679034793e-10,1.0041402316009413e-09,2.0212196201253176e-10,2.4546572535022673e-10,2.383547989854489e-10,1.8966825828782591e-10,2.244962608745005e-10,2.4797629477759665e-11,2.885635709746263e-10,2.8068846582881e-10,2.3055126625109273e-10,2.6660110101817634e-10,2.569302447896365e-11,1.157657823040458e-10,1.128158785625978e-10,9.951253829888987e-11,1.0936473305517783e-10,7.069879261478378e-12,6.496633746448924e-12,7.124060905154909e-12,1.3122613701567049e-11,8.914436117723627e-12,2.9866352464205334e-12,8.789003949690852e-09,8.764422325340879e-09,7.565211339155456e-09,8.372879204729062e-09,1.069437367750995,1.006619121921782,0.6105449723845607,1.2706305991890974,3.925310081124752e-06,0.00013288558511413156,1.7658578731125105e-08,-0.43227064372922885,0.2606962459469493,0.018666666666666668,1.3255490092768564e-05,3.600271350876839e-06,0.0001327303491422973,1.761734558343614e-08,-0.4422294659502605,0.29072880174583204,0.018666666666666668,1.322273065292706e-05,2.5934094680656235e-06,0.00012254088610602815,1.501626876765056e-08,-0.24157800899606194,0.12660751866153142,0.012,1.1267245905239712e-05,3.372996966689073e-06,0.0001294773565046567,0.00048681731732798286,-0.00048681731732798286,1.7658578731125105e-08,0.09363849934148415,3.0839084287627694,1.761734558343614e-08,0.0944651626302552,3.086867252616912,1.501626876765056e-08,0.0851774376370974,4.001411498436024,1.6764064360737268e-08,0.09109369986961224,3.390729059938568,0.9390572211699303,0.0427173485244596,0.9994678843154995,0.9085842495877202,2.642309963474544e-09,1.2359927506602597e-09,0,kshama_watch_LR_lower_3.edf,kshama,watch,LR,lower,3,1,2.047200823539312,0.0
2.4351022189829988e-08,2.4214622871770678e-08,1.8047627397911267e-08,2.2204424153170643e-08,2.939826598275588e-09,3.794857198017958e-09,3.721673611775811e-09,3.3858318035378588e-09,3.6341208711105423e-09,1.7809090399924042e-10,6.281476044300356e-10,6.448013460358701e-10,9.246498904731918e-10,7.325329469796992e-10,1.3601722136143856e-10,7.387496237555361e-10,7.572595681086616e-10,1.0846682639438154e-09,8.60225818602671e-10,1.588845764761816e-10,1.717387106355883e-10,1.8091416057584734e-10,3.479497171323345e-10,2.3353419611459004e-10,8.099066122182644e-11,1.0876466312549108e-11,1.1129145505748728e-11,1.994180585012086e-11,1.3982472556139566e-11,4.2151474213234395e-12,2.9067244188551628e-08,2.8885599357736748e-08,2.2886018988375383e-08,2.6946287511554584e-08,2.2237123272374943,2.0259568112113207,0.760529713120787,2.611902164418773,2.077311708713845e-07,0.00020321473157649237,4.129622712970585e-08,-0.23571446547396813,-0.9929892465862782,0.021333333333333333,3.097220271145891e-05,1.8358570722473363e-07,0.00020389151790849283,4.157175107502925e-08,-0.23279916879636706,-0.9871078283824617,0.021333333333333333,3.117883858405586e-05,1.7930700896734316e-07,0.00019240910788339953,3.7021264796485676e-08,-0.11939164519646725,-0.6462567225354126,0.021333333333333333,2.7765972710616853e-05,1.9020796235448863e-07,0.00019990768158574984,0.0004563763661146849,-0.0004563763661146849,4.129622712970585e-08,0.07834942190318865,3.502575994098796,4.157175107502925e-08,0.07870298446998959,3.5304057896915766,3.7021264796485676e-08,0.08717207603789907,3.622389307115427,3.996308100040693e-08,0.08140816080369244,3.5517903636352663,0.7274581222481563,0.1923315032486576,0.99945292361225,0.5903508855363276,4.550486278543576e-09,2.083217110521107e-09,1,kshama_watch_LR_straight_1.edf,kshama,watch,LR,straight,1,1,-69.49256766248622,0.0
8.748256917602563e-09,8.542393719082734e-09,8.893711251275736e-09,8.728120629320344e-09,1.4412981344580482e-10,1.6015710370621237e-09,1.5351011274340895e-09,1.4223147644886862e-09,1.5196623096616331e-09,7.39908581510309e-11,3.421760329339978e-10,3.500694193108262e-10,4.5742025699049683e-10,3.832219030784403e-10,5.2565027534585347e-11,4.101287750540565e-10,4.167025478740378e-10,5.187961048451975e-10,4.485424759244306e-10,4.97492573122105e-11,1.200723255166687e-10,1.1487517150889925e-10,1.521449533982911e-10,1.29030816807953e-10,1.6481304260337385e-11,8.929429444175457e-12,9.05849200557251e-12,1.4411142443384543e-11,1.0799687964377503e-11,2.5542274600674075e-12,1.0888958484679582e-08,1.061813105790533e-08,1.1001378216451296e-08,1.0836155919678735e-08,1.666042150108715,1.1618129754929432,0.6958268915703014,1.9534725165256004,-6.245454980154331e-06,0.00020733817832943013,4.2989120192966567e-08,0.1938041447980117,-0.8719979427413942,0.010666666666666666,3.227109442565678e-05,-6.177654691873917e-06,0.00020709642391494466,4.288892879835847e-08,0.19873296537165797,-0.869795529120998,0.010666666666666666,3.2195319161887876e-05,-1.1247314233013832e-05,0.00020659601632980955,4.2681913963346936e-08,0.029496367363562506,-0.4494085704879618,0.010666666666666666,3.210631203060232e-05,-7.89014130168069e-06,0.0002070240494630578,0.000686102939169478,-0.000686102939169478,4.2989120192966567e-08,0.07287982098401838,5.850534850654053,4.288892879835847e-08,0.07256890104706644,5.877351317949199,4.2681913963346936e-08,0.08524583037113856,5.34375286386418,4.285332098489065e-08,0.07689818413407447,5.69054634415581,0.8774297535636771,0.08654410848362597,0.9998212309879959,0.8159717930793812,3.072062296196307e-10,1.279188653385318e-10,0,kshama_watch_LR_straight_2.edf,kshama,watch,LR,straight,2,1,-23.531040014371285,0.0
7.573029534329305e-09,7.60492779837259e-09,7.1645915638760545e-09,7.447516298859316e-09,2.0048138577143997e-10,1.6626426645949486e-09,1.68009312605618e-09,1.1517086739487533e-09,1.4981481548666273e-09,2.450732748999599e-10,2.348492227264247e-10,2.3481604820103406e-10,1.341336389133376e-10,2.0126630328026548e-10,4.7469964144984855e-11,2.5939424557220876e-10,2.594001378067977e-10,1.519316128584833e-10,2.2357533207916326e-10,5.065975974747826e-11,5.794412010191225e-11,5.920245557949261e-11,4.705270665195026e-11,5.4733094111118374e-11,5.4550964357955814e-12,6.263991570782183e-12,6.032698882998211e-12,9.559825293415758e-12,7.285505249065384e-12,1.6109568222966124e-12,9.559274556169156e-09,9.609656216698058e-09,8.52484438262866e-09,9.231258385165291e-09,1.2913374915012823,0.5110321852299028,0.6130782676444171,1.4349557434983582,2.4248966926356577e-06,0.00013440307547590586,1.8064186697382047e-08,-0.4567463585173138,1.2099651428816394,0.021333333333333333,1.3552550116014003e-05,2.1838884820754765e-06,0.00013562719499688846,1.839473602272401e-08,-0.4571921937670073,1.1467746060153825,0.024,1.3799629043719614e-05,1.500306680707747e-06,0.00012415095134130335,1.5413458718950674e-08,-0.18729045235879715,1.0256274106358028,0.014666666666666666,1.1561782229315138e-05,2.036363951806297e-06,0.00013149504619012884,0.0005146247507114191,-0.0005146247507114191,1.8064186697382047e-08,0.08885635217007948,3.1961157115122396,1.839473602272401e-08,0.08861316029159946,3.188967219329423,1.5413458718950674e-08,0.07928353826886034,3.9005623241687086,1.729079381301891e-08,0.08558435024351309,3.4285484183367902,0.940575561187473,0.04171010289899668,0.9994736631731911,0.9083230814676269,2.981277303773336e-09,1.334317804644294e-09,1,kshama_watch_LR_straight_3.edf,kshama,watch,LR,straight,3,1,-25.730021879147777,0.0
1.2043260421872537e-08,1.2632258849255677e-08,8.864044373626263e-09,1.1179854548251491e-08,1.6550855688932934e-09,4.904889410641463e-09,4.866078177610408e-09,3.54079763668803e-09,4.437255074979967e-09,6.340891272547598e-10,8.61495820248224e-10,8.372307318807955e-10,8.413618752086474e-10,8.46696142445889e-10,1.0599982188302996e-11,9.192200471790926e-10,8.970904288025063e-10,1.0084809479526772e-09,9.415971413114254e-10,4.8149161955265695e-11,1.395801146996105e-10,1.4072806070774822e-10,1.852480311754546e-10,1.5518540219427113e-10,2.1262654129633338e-11,7.930176250936824e-12,8.186890489959332e-12,1.1165729810311384e-11,9.09426551706918e-12,1.4684910143323526e-12,1.8014880170643632e-08,1.8544342406866308e-08,1.3609736719252738e-08,1.6722986432254223e-08,3.341115914981851,1.420148109294689,0.8146487672589733,3.6996069298938763,-4.3187968122545435e-06,0.00018843355719058464,3.5507205475497335e-08,0.33326231068902973,-0.9296526816221289,0.018666666666666668,2.6644393111052158e-05,-4.309382693346727e-06,0.00019037059178095462,3.624096221503087e-08,0.3411780682045053,-0.898637959681627,0.018666666666666668,2.7194649745671438e-05,-2.4533694435417317e-06,0.00018721717481756873,3.505027054667209e-08,0.4409195396792165,-0.5421829343380158,0.021333333333333333,2.6292217176223946e-05,-3.6938496497143386e-06,0.00018868028201892743,0.0006613858592255956,-0.000419869539517653,3.5507205475497335e-08,0.08909683857662798,3.316375870260003,3.624096221503087e-08,0.08815517857070526,3.372397593798638,3.505027054667209e-08,0.09781341510175787,3.675859644446965,3.55994794124001e-08,0.0916884774163637,3.4548777028352027,0.6992465616840801,0.21223221343397897,0.9993821520575179,0.5475237220810479,1.1906916683587764e-09,4.904572844794289e-10,1,kshama_watch_LR_upper_1.edf,kshama,watch,LR,upper,1,1,-5.59140961688621,0.0
6.474926661657785e-09,6.853547871817868e-09,4.173319770954579e-09,5.833931434810078e-09,1.184359694460954e-09,1.7537209164191248e-09,1.67532392275952e-09,1.5854886493622541e-09,1.6715111628469664e-09,6.873343084403029e-11,1.7800088766176014e-10,1.7675194442055457e-10,2.559353379554633e-10,2.03562723345926e-10,3.70365408354531e-11,2.7994378626502853e-10,2.8349623581289177e-10,4.655791722704666e-10,3.4300639811612896e-10,8.66841727089985e-11,6.907233514559818e-11,6.931752914387379e-11,5.680523069781268e-11,6.506503166242822e-11,5.841419006000477e-12,3.0951588657241134e-12,3.0649315923733686e-12,3.784373881485757e-12,3.3148214465277464e-12,3.3225295473459453e-13,8.580758858353266e-09,8.884750491126527e-09,6.284977197166599e-09,7.91682884888213e-09,1.2429678070820938,0.6299623008883181,0.460635962467627,2.0997553087741014,-9.164664413782396e-07,0.00012211513499611493,1.4912106195119375e-08,0.1285341548715082,-0.5863407801785012,0.02,1.118470957939316e-05,-1.3174505718230744e-06,0.00012198899491881782,1.488131488130336e-08,0.09066205583545953,-0.5697836114120602,0.02,1.1162287917984416e-05,3.365237369140031e-06,9.874991245966024e-05,9.75154521079056e-09,0.1491668337305316,-0.3903769634784431,0.02,7.322152525005913e-06,3.771067853129051e-07,0.00011483094830797827,0.0003190124368924489,-0.0003190124368924489,1.4912106195119375e-08,0.088958553286931,3.019396172708612,1.488131488130336e-08,0.08847305469766463,3.054015998806452,9.75154521079056e-09,0.11269009256259835,2.4040450786454586,1.3181655429071097e-08,0.09670723351573134,2.825819083386841,0.688114390830834,0.21930189634329625,0.9981998295730737,0.5280469207521329,5.160560984328815e-09,2.4254867701715804e-09,0,kshama_watch_LR_upper_2.edf,kshama,watch,LR,upper,2,1,-3.8339883220058546,0.0
3.398388000310647e-09,3.5677263656662624e-09,3.134062590449774e-09,3.366725652142228e-09,1.7845250666476665e-10,1.026458422562262e-09,1.0619766044557902e-09,5.62115822618516e-10,8.835169498788561e-10,2.277270277685083e-10,2.1999870653963092e-10,2.1928261571399194e-10,1.7708237610838015e-10,2.0545456612066765e-10,2.0064297829522166e-11,2.595873849750731e-10,2.59120410938478e-10,2.2074791353370804e-10,2.464852364824197e-10,1.820003407711872e-11,1.339956865981815e-10,1.3162146482660295e-10,1.1777789633898048e-10,1.2779834925458832e-10,7.151519173368902e-12,4.700343947062012e-12,4.744479438634411e-12,5.965818881551916e-12,5.136880755749447e-12,5.864246457478672e-13,4.823129838393224e-09,5.02518932532577e-09,4.040670041822532e-09,4.6296630685138416e-09,0.9000146823149331,1.2159560470781783,0.5915036955723989,1.0805765755719101,7.310310568743673e-06,0.0001243915821716792,1.5473265715173622e-08,-0.14999518129316342,-0.6124938174686996,0.018666666666666668,1.1645029766838831e-05,7.350546773616531e-06,0.00012573298019791435,1.580878230944912e-08,-0.16299115876119497,-0.5824610159773136,0.016,1.1897109635490183e-05,6.080180502246055e-06,0.00011670105466734626,1.3619136160470941e-08,-0.03939818316197437,-0.5642622463157481,0.018666666666666668,1.0242078566558124e-05,6.913679281535416e-06,0.00012234136269048226,0.00032698114386273916,-0.00032698114386273916,1.5473265715173622e-08,0.08899340465576783,3.2981244335602256,1.580878230944912e-08,0.0892153846303338,3.3128146179767612,1.3619136160470941e-08,0.07591957584432135,3.8560007501371727,1.496706139503123e-08,0.08470945504347432,3.488979933891386,0.9545858497586351,0.03164649821666501,0.9993186621145679,0.9310017005401413,2.1896461489781794e-09,9.629190601955635e-10,1,kshama_watch_LR_upper_3.edf,kshama,watch,LR,upper,3,1,-70.97593626881769,0.0
2.198402341608086e-08,2.1827836509418432e-08,1.6838388413799592e-08,2.0216749446432958e-08,2.3897128192267364e-09,5.361230722291209e-09,5.449253299968223e-09,4.303853822361985e-09,5.038112614873805e-09,5.204414628184515e-10,7.1724188719281e-10,7.865776841693466e-10,7.426340872932984e-10,7.48817886218485e-10,2.8641958876832294e-11,7.618804248031215e-10,8.324989157130988e-10,8.181617681167965e-10,8.04180369544339e-10,3.0477887548538906e-11,1.0465378250160022e-10,9.979201782432063e-11,2.1099044704833146e-10,1.3847874912475077e-10,5.131191506050534e-11,7.549670801734522e-12,7.195802478671656e-12,1.0006101780168792e-11,8.250525020191656e-12,1.2497581146354397e-12,2.8219338016478528e-08,2.821657654540275e-08,2.2181400553106854e-08,2.620577170499604e-08,3.2765355506535943,1.2739982222132447,0.8281751937466105,3.506810300726771,1.11591632790364e-05,0.0001943498300953093,3.777185645807559e-08,-0.4471171014930546,-1.005658511160749,0.028,2.842228753737284e-05,1.1434807486526132e-05,0.00019366423583859883,3.750583624294843e-08,-0.4524905465951087,-0.9834907241473703,0.030666666666666665,2.8227443298901757e-05,6.001004312494016e-06,0.000177134229918431,3.137653540879557e-08,-0.26615830997825546,-0.5284254046025465,0.021333333333333333,2.3559410596165608e-05,9.531658359352187e-06,0.00018856737467607527,0.0005260721007404768,-0.00042573615253201514,3.777185645807559e-08,0.08045590579548897,3.2132144972382704,3.750583624294843e-08,0.08161743466316358,3.1904021942566243,3.137653540879557e-08,0.09559558543110755,3.2114698885291784,3.555140936993986e-08,0.08588964196325337,3.2050288600080243,0.6573175549654796,0.24197383803300584,0.9995133970106127,0.4843456798608285,6.395321049280025e-09,2.954078664298405e-09,0,kshama_watch_RL_lower_1.edf,kshama,watch,RL,lower,1,0,59.47788641006855,0.0
7.326101029023146e-09,7.581735725260344e-09,5.6176574596172926e-09,6.841831404633594e-09,8.718901537168743e-10,1.9893616934489603e-09,1.9372318825750253e-09,2.084561047057932e-09,2.0037182076939725e-09,6.099755625027544e-11,2.902728992741153e-10,2.9502564293382463e-10,3.878611623555086e-10,3.243865681878162e-10,4.4925235830497066e-11,3.9164425565334234e-10,4.046187364328052e-10,5.757974257258443e-10,4.5735347260399727e-10,8.391984990144618e-11,4.9392140786036246e-11,5.958112565016372e-11,5.6551712701382217e-11,5.517499304586073e-11,4.272030812761777e-12,2.9595811936596365e-12,2.8488286528724724e-12,3.874576989067564e-12,3.2276622785332245e-12,4.596669180700301e-13,9.759458700105148e-09,9.98601629857121e-09,8.338442222091518e-09,9.361305740255957e-09,2.0897680777335026,0.5344848021623922,0.5829980551166417,2.9450306049016213,-1.8568363357570085e-06,0.00012930651988651186,1.6720176085160888e-08,-0.18392214044219307,0.04031527913964528,0.030666666666666665,1.2542717944754004e-05,-2.051475359165944e-06,0.0001300189685921518,1.6904932193766956e-08,-0.18905107154361414,-0.009320227139984372,0.028,1.2681855558687165e-05,-3.090386605788642e-06,0.00011672616797887531,1.3624998291032615e-08,0.34401617789542743,0.5427104276638013,0.028,1.022591158530439e-05,-2.3328994335705306e-06,0.00012550031366807983,0.0003910148349942324,-0.0003328624622480037,1.6720176085160888e-08,0.08886841877681945,2.939771248811146,1.6904932193766956e-08,0.08881062530010586,2.9504991906548153,1.3624998291032615e-08,0.10194106463946355,2.6655289419724086,1.5750035523320152e-08,0.09320670290546296,2.8519331271461232,0.6829241863618006,0.22346321377159167,0.9989142720799153,0.5208780745591148,3.2799339027343405e-09,1.5045201081791327e-09,1,kshama_watch_RL_lower_2.edf,kshama,watch,RL,lower,2,0,11.538206646542472,0.0
7.565521420713239e-09,7.583923730318562e-09,6.771590434426441e-09,7.307011861819414e-09,3.786746536129655e-10,8.269250090037536e-10,8.336134246404918e-10,6.627708567932903e-10,7.744364301458453e-10,7.900668296647889e-11,1.5015636639416664e-10,1.4970576922439401e-10,1.0840024191335662e-10,1.3608745917730576e-10,1.9578683294477766e-11,1.9735645508006217e-10,1.9588411165106083e-10,1.590181904322041e-10,1.840862523877757e-10,1.7735985010697188e-11,6.630124050428386e-11,6.537175196238915e-11,5.737593299798075e-11,6.301630848821793e-11,4.006358611884323e-12,5.141197330539378e-12,4.962764598685466e-12,9.583479933185586e-12,6.562480620803477e-12,2.1374107691330797e-12,8.661245322631876e-09,8.683755783171193e-09,7.660338894583096e-09,8.335113333462054e-09,0.8323280238114488,0.5923277798230718,0.4764787056759088,1.127227889013662,4.171438993386507e-06,0.00012579966733600824,1.5825556301850338e-08,0.006267888903800205,0.5734767352334988,0.024,1.1882217903844412e-05,4.009344308965643e-06,0.0001259178132219777,1.5855295686604864e-08,0.0021452824428494356,0.5874667948404437,0.024,1.1903527896294526e-05,5.295099176408127e-06,0.00011850392331961595,1.404317984214142e-08,0.14702749703719145,0.7388464071364074,0.021333333333333333,1.0553413438072066e-05,4.4919608262534224e-06,0.00012345716195608664,0.00041924264787899926,-0.00041924264787899926,1.5825556301850338e-08,0.09115029681867877,2.9756320409249204,1.5855295686604864e-08,0.09099973710334848,2.9912942146002424,1.404317984214142e-08,0.08033113198550465,4.049046915660462,1.524134394353221e-08,0.0874937219691773,3.3386577237285415,0.9471680737622735,0.03714055582998415,0.999660442203335,0.9193266551933985,1.8121158444634449e-09,8.473169490210812e-10,1,kshama_watch_RL_lower_3.edf,kshama,watch,RL,lower,3,0,32.39161968303155,0.0
2.3693794903025786e-08,2.3204378318339958e-08,1.3079804459380526e-08,1.999265922691542e-08,4.892208289795373e-09,8.863742459007033e-09,8.92577476069543e-09,6.711679491867807e-09,8.167065570523423e-09,1.0294249139111991e-09,8.70297663991683e-10,8.618838090226393e-10,1.1771237109260216e-09,9.697683946467813e-10,1.466625801646029e-10,9.171312334641393e-10,9.173325397876451e-10,1.2431770782933968e-09,1.0258802838483937e-09,1.5365205886051862e-10,1.1775681740849167e-10,1.1395559892513091e-10,1.749372946051141e-10,1.3554990364624554e-10,2.7894291415982473e-11,1.0825750955870001e-11,1.0057393870589713e-11,1.826889706709825e-11,1.3050680631185988e-11,3.703145530639572e-12,3.3603251163861346e-08,3.317149861161873e-08,2.1227867221213934e-08,2.933420566556467e-08,4.102135264637075,1.1923695805996337,0.8597372939603476,4.340295810910926,-1.1489956579853651e-05,0.00017706665377563823,3.1352599879301744e-08,-0.2235782866271435,-0.323624967671027,0.018666666666666668,2.36134642361315e-05,-1.1371251641184447e-05,0.0001756602813599137,3.085653444744404e-08,-0.22381289574707552,-0.30676852891567474,0.018666666666666668,2.3239379858498388e-05,-1.9217181007327758e-05,0.00015707057374266531,2.4671165135850065e-08,-0.761053722412144,0.9656500515828967,0.018666666666666668,1.878034888628885e-05,-1.4026129742788616e-05,0.00017021626149095714,0.000616257705762791,-0.000616257705762791,3.1352599879301744e-08,0.09474783173410298,2.9783521638797232,3.085653444744404e-08,0.09539139667884597,2.9130913951559334,2.4671165135850065e-08,0.1081810230831511,3.0908244632384045,2.8960099820865285e-08,0.09944008383203334,2.9940893407580202,0.6002002059253332,0.28236091932653695,0.999449795883026,0.39414448307009664,6.6814347434516785e-09,3.039489077396176e-09,0,kshama_watch_RL_straight_1.edf,kshama,watch,RL,straight,1,0,22.10670991015398,0.0
1.0073075235811528e-08,9.781537325597191e-09,7.866974414786512e-09,9.240528992065077e-09,9.785151066267736e-10,1.8857360300890675e-09,1.90956570618806e-09,1.950603888918611e-09,1.9153018750652463e-09,2.6791012203387642e-11,5.528113517045505e-10,5.484520843198887e-10,8.874057688319632e-10,6.628897349521341e-10,1.587667847397122e-10,6.291378836703059e-10,6.204644215520823e-10,1.0397738376927085e-09,7.631253809716988e-10,1.9565204435573255e-10,7.538879956960791e-11,7.108819574414879e-11,1.976434256753812e-10,1.147068069963793e-10,5.867132085749967e-11,4.461677393820478e-12,4.461183313031316e-12,1.9036550721780773e-11,9.319803809544189e-12,6.870777635676734e-12,1.2667799626534326e-08,1.2387116832394515e-08,1.1074032117794997e-08,1.2042982858907945e-08,3.1130090953777656,1.0208567740659669,0.7659999208553638,3.5690115041322876,-2.7388060151523713e-06,0.00013072548232246427,1.708915172844092e-08,0.034939794327875626,0.0051060651683099145,0.018666666666666668,1.2822489590122165e-05,-2.9301764840277875e-06,0.00013024930507251635,1.6964881471873438e-08,0.073289837953581,0.01719911036435029,0.016,1.2730100554575742e-05,2.5875074817667776e-07,0.00011981962851216324,1.4356743376792801e-08,0.322192839390984,0.5187484557698476,0.021333333333333333,1.0767607746556861e-05,-1.803410583667827e-06,0.0001270395917978239,0.00046082960345900716,-0.00032108238721857284,1.708915172844092e-08,0.07796709385949066,3.243406993676824,1.6964881471873438e-08,0.07810829239566719,3.2403902766495305,1.4356743376792801e-08,0.10132461836750024,3.2221794595175615,1.6136925525702386e-08,0.08580000154088603,3.2353255766146383,0.7672471190293394,0.16400992762614947,0.9991732934333944,0.6487204874787454,2.732408351648119e-09,1.2598008140546392e-09,0,kshama_watch_RL_straight_2.edf,kshama,watch,RL,straight,2,0,17.356224773080015,0.0
7.812206619669267e-09,7.784306797401926e-09,6.3976413757343485e-09,7.331384930935181e-09,6.603546371357106e-10,2.1150186501691473e-09,2.159306155245899e-09,1.0226750792281276e-09,1.7656666282143913e-09,5.256853794018094e-10,4.3050468989357243e-10,4.426137446582096e-10,1.7370580021509893e-10,3.489414115889603e-10,1.2400886237685188e-10,5.883912532401954e-10,6.090167173645293e-10,2.2970904056944604e-10,4.757056703913903e-10,1.7414956953799232e-10,8.385564053720224e-11,8.073783967997962e-11,4.117757588421238e-11,6.859035203379807e-11,1.9425505445449727e-11,2.495781868356672e-12,1.7378296712491476e-12,4.612293133021124e-12,2.948634890875648e-12,1.2163995898467363e-12,1.0601967945484166e-08,1.0635105339363581e-08,7.69581536454915e-09,9.644296216465633e-09,2.006956587967118,0.6684484981846469,0.5921626122947122,2.7323320446903963,4.189372487753264e-06,0.00014778420001338038,2.1840169773594813e-08,-0.516293385420508,-0.05754257193178791,0.010666666666666666,1.639329046157697e-05,3.972361265707168e-06,0.00014852886704096787,2.206082434447351e-08,-0.5336796583674177,0.020435300554729086,0.010666666666666666,1.6557452998874104e-05,5.748785889348114e-06,0.0001297703767862636,1.6840350691248818e-08,-0.34129856403230846,-0.24194630265684536,0.010666666666666666,1.2655049422837793e-05,4.636839880936181e-06,0.00014229455716006947,0.00046280115582598513,-0.00046280115582598513,2.1840169773594813e-08,0.08995692633742541,2.8425097790483234,2.206082434447351e-08,0.089900101600983,2.8072994815281294,1.6840350691248818e-08,0.08047405827965702,3.7117896450345134,2.0247114936439048e-08,0.08677702873935515,3.1205329685369882,0.9266865167613,0.051500924098632814,0.9995098341486169,0.889230296892178,5.2204736532246935e-09,2.4106298038261474e-09,1,kshama_watch_RL_straight_3.edf,kshama,watch,RL,straight,3,0,-100.74905154514926,0.0
2.415317440057248e-08,2.43923859448755e-08,1.3934904640684872e-08,2.0826821662044288e-08,4.874299656546204e-09,6.8606204748715426e-09,6.858033582723761e-09,4.875005506247223e-09,6.197886521280841e-09,9.354187326023323e-10,1.224509448175711e-09,1.2225680494095275e-09,1.0519612885039559e-09,1.1663462620297313e-09,8.088627359307891e-11,1.2716860939504888e-09,1.2715493145517378e-09,1.1254414253983837e-09,1.22289227796687e-09,6.890818130863048e-11,9.321344388180758e-11,8.888864936130852e-11,1.2770400452949829e-10,1.0326869925753812e-10,1.7368344187276416e-11,6.51266522171513e-12,7.798625258405854e-12,7.874070623134279e-12,7.395120367751754e-12,6.247497175347587e-13,3.2385207078497996e-08,3.261865611677072e-08,2.0070929647483108e-08,2.8358264280917276e-08,5.809963278788241,0.9611816396665254,0.8808386029306723,6.085357177294074,1.1641506180498806e-05,0.00022517498100206883,5.0703772069282056e-08,-0.12045793646580176,-1.0340672357746248,0.018666666666666668,3.812947255157449e-05,1.1702004754348862e-05,0.00022523352273688,5.073013976446464e-08,-0.1057847280150996,-1.0277290000056503,0.021333333333333333,3.8150307509801584e-05,1.415709274164289e-05,0.00021610078316941668,4.669954848643525e-08,0.06795164314316275,-0.8559646584276073,0.021333333333333333,3.5174978820998035e-05,1.2500201225496856e-05,0.00022221429603310486,0.00047900422859250104,-0.0004412368920633853,5.0703772069282056e-08,0.07846871213551339,3.321756560918448,5.073013976446464e-08,0.07850738786045966,3.4412146095024783,4.669954848643525e-08,0.08450872985478641,3.688630798476704,4.937782010672731e-08,0.08049494328358649,3.4838673229658768,0.7428933876527317,0.1815480115299111,0.9996310783533734,0.6125651122900628,4.03059127802939e-09,1.8938546174198495e-09,1,kshama_watch_RL_upper_1.edf,kshama,watch,RL,upper,1,0,43.45680265762105,0.0
7.63224946521143e-09,7.857955643547561e-09,5.433967094118671e-09,6.974724067625888e-09,1.0933693667720021e-09,2.1443806044463024e-09,2.192972247075586e-09,1.8849394539554707e-09,2.0740974351591197e-09,1.3521795571874082e-10,3.7505972486202055e-10,4.340588105311271e-10,5.448329700566329e-10,4.513171684832602e-10,7.037578601280631e-11,4.98684042741182e-10,5.595183564954605e-10,7.520461397199229e-10,6.034161796521885e-10,1.0799182748335095e-10,6.025493205542713e-11,6.86351497264199e-11,8.695513947961914e-11,7.194840708715539e-11,1.1149245860223627e-11,3.1522068979483164e-12,2.9405508877439627e-12,6.609246504163752e-12,4.23400142995201e-12,1.6817731592160425e-12,1.0338721251352292e-08,1.0682021947732773e-08,8.16451707377784e-09,9.728420090954301e-09,2.6095302853467257,0.6888417173819743,0.6413531349389195,3.4841139133144967,2.762854298335593e-05,0.00017417574736157466,3.0337190968963085e-08,0.20688388739262653,-0.833151939393455,0.02,2.3325395517259668e-05,2.751008492878921e-05,0.00017542285721995285,3.0773178835211965e-08,0.19318777578737728,-0.8451378024823635,0.02266666666666667,2.364748770600087e-05,2.788150088793114e-05,0.00016910795606137337,2.859750080325539e-08,0.526908758905898,-0.28572900687061775,0.028,2.2031159171264317e-05,2.7673376266692097e-05,0.00017292382002621147,0.0006185515087322642,-0.00035108927013163544,3.0337190968963085e-08,0.06796948689345013,4.515463749518418,3.0773178835211965e-08,0.06853072646354542,4.51182018855779,2.859750080325539e-08,0.09256447350159704,3.9699623442319902,2.990262353581015e-08,0.07635489561953086,4.332415427436065,0.8230706400247584,0.12486485022486561,0.9996551480819194,0.7342493603115464,2.1756780319565735e-09,9.398689146728414e-10,1,kshama_watch_RL_upper_2.edf,kshama,watch,RL,upper,2,0,43.218690592302764,0.0
9.834695623318366e-09,9.527595175055728e-09,8.238063870467675e-09,9.200118222947257e-09,6.917316937341425e-10,3.694134077179958e-09,3.6950360485599498e-09,1.3245765090653895e-09,2.9045822116017654e-09,1.1172328072589865e-09,6.286899750747162e-10,6.559294396571868e-10,1.8728439561588615e-10,4.90634603449263e-10,2.1478905706467705e-10,9.227689623654853e-10,9.506389408164837e-10,2.9043322898916246e-10,7.212803773903773e-10,3.048673294935668e-10,1.6304794619368283e-10,1.6544013564580457e-10,6.554668003409777e-11,1.313449206245284e-10,4.6536630670120884e-11,3.319976658124533e-12,3.5351414743341837e-12,4.3141551341788116e-12,3.723091088879176e-12,4.2707649882123797e-13,1.4617966585715615e-08,1.43422454415523e-08,9.922934443690497e-09,1.2961048823652803e-08,1.9974767836876268,1.2681195496374305,0.5728974583184211,2.9479149789337,1.7669303832813794e-05,0.00013484874686704935,1.818418453161355e-08,-0.5168172568588074,-0.5285326035987006,0.02266666666666667,1.3872291622162381e-05,1.7427969354418604e-05,0.00013234328245987978,1.751474441225552e-08,-0.516603422998142,-0.5050102750630479,0.02266666666666667,1.3363858896055558e-05,1.8141681445165017e-05,0.00011420778825191525,1.3043418897394313e-08,-0.24634968356430076,-0.9887155972478321,0.017333333333333333,1.0029404627289118e-05,1.774631821079914e-05,0.00012746582735588291,0.00035668982223239685,-0.00035668982223239685,1.818418453161355e-08,0.10513692898885503,2.3580971411800413,1.751474441225552e-08,0.10693363131032615,2.345096859236737,1.3043418897394313e-08,0.08285503064472724,2.7156609667992897,1.6247449280421127e-08,0.09830853031463616,2.4729516557386897,0.9231901668213095,0.05352512197885074,0.9988663933619263,0.8838555320155012,5.140765634219237e-09,2.2820160005093074e-09,0,kshama_watch_RL_upper_3.edf,kshama,watch,RL,upper,3,0,38.5613198934641,0.0
4.713801653876327e-09,3.907980091480989e-09,4.549232331443582e-09,4.3903380256003e-09,3.4763261059858383e-10,1.8264245896808586e-09,1.5884920987623784e-09,1.7434900199412185e-09,1.7194689027948184e-09,9.860942521006455e-11,4.065381956188221e-11,3.670110764272805e-11,3.684409245825643e-11,3.806633988762223e-11,1.8305553734498744e-12,4.961342707630918e-11,4.380400168239469e-11,4.751427656341482e-11,4.69772351073729e-11,2.401897305048013e-12,3.6402368940719845e-11,3.1584169909141214e-11,3.1288614088063694e-11,3.309171764597492e-11,2.344091481063314e-12,7.271691364437039e-12,5.525892404109797e-12,5.967260152380898e-12,6.254947973642578e-12,7.411822602422156e-13,6.633513730938654e-09,5.577386254239011e-09,6.3774925021886625e-09,6.196130829122109e-09,0.28586501109374635,0.3113055861482934,0.2589027341930643,0.3528442489710421,-1.9527408525886515e-05,0.00010676043692446104,1.1397790892301822e-08,-0.8795912095530268,0.25750494199206386,0.018666666666666668,8.834332932029016e-06,-1.9201701577081117e-05,9.837452384460341e-05,9.677546941652445e-09,-1.2709100187633922,1.7727865893133403,0.016,7.534689213830794e-06,-1.883201370423435e-05,0.00010189333620880881,1.0382251963761347e-08,-1.1702934436011316,1.5259051681388147,0.018666666666666668,8.052672527938363e-06,-1.9187041269067324e-05,0.00010240089828232555,0.0003885880025435574,-0.0003885880025435574,1.1397790892301822e-08,0.0802351553334191,3.723734374410006,9.677546941652445e-09,0.0757475817850563,2.942961141219917,1.0382251963761347e-08,0.07595487172585774,3.0680270621822157,1.0485863265905205e-08,0.07731253628144438,3.24490752593738,0.984525221975483,0.00813241854500354,0.9958807375012498,0.9772683671779857,1.7202439506493772e-09,7.06097863323682e-10,0,pradeep_move_LR_lower_1.edf,pradeep,move,LR,lower,1,1,20.506092630170322,0.0
7.725349603721248e-10,6.257552804234032e-10,8.346327811776948e-10,7.443076739910742e-10,8.757867835140449e-11,2.6612699827357683e-10,2.663159559147729e-10,2.6209125605625885e-10,2.6484473674820284e-10,1.948532471412423e-12,2.3554214331358454e-11,2.149840282084576e-11,2.5608087946446392e-11,2.3553568366216865e-11,1.6777719890475763e-12,2.4945242574278443e-11,2.2988776632164738e-11,2.762599091510767e-11,2.5186670040516954e-11,1.9008164022463684e-12,1.5156479417992467e-11,1.916657996345245e-11,1.9642904027031176e-11,1.798865446949203e-11,2.0120690503622475e-12,7.354321434963365e-12,7.009040615043262e-12,5.317372015815558e-12,6.560244688607396e-12,8.900764280782176e-13,1.0861180020729359e-09,9.412356335488368e-10,1.1493103041919079e-09,1.0588879799378936e-09,0.19966163767615366,0.16893504640752535,0.18798849423131905,0.2134790216396735,4.103993085500604e-06,3.751910893189328e-05,1.4076835350432743e-09,-0.49698685879234616,-0.10665004626343588,0.03333333333333333,1.068394720716833e-06,4.0999197668735885e-06,3.6501728083263284e-05,1.3323761530644917e-09,-0.4405308571398011,-0.04203854950654051,0.04133333333333333,1.0118891213694697e-06,3.983156998864381e-06,3.8919286326312694e-05,1.51471084814951e-09,-0.4468097641470128,-0.16649353127592414,0.03333333333333333,1.147932290870334e-06,4.0623566170795245e-06,3.765979267699406e-05,0.00010008582292310913,-0.00010008582292310913,1.4076835350432743e-09,0.11936865877512885,2.2728106990916332,1.3323761530644917e-09,0.12350344076640081,2.142951121315574,1.51471084814951e-09,0.11455514712523558,2.2710370873351007,1.4182568454190918e-09,0.11914241555558841,2.228932969247436,0.9745203077584272,0.0025007504154769674,0.9775783573498782,0.9714528166865253,1.823346950850183e-10,7.481234936900092e-11,2,pradeep_move_LR_lower_2.edf,pradeep,move,LR,lower,2,1,11.095113786131014,0.0
8.620483587942836e-09,7.533557395930014e-09,8.491691020142265e-09,8.215244001338373e-09,4.848844208503323e-10,1.4417461661944876e-09,1.311099233827321e-09,1.3634709020045754e-09,1.3721054340087948e-09,5.3684706645602886e-11,9.531498575903699e-11,9.313438052233844e-11,7.925632733720756e-11,8.923523120619434e-11,7.112086033386579e-12,1.214567115328644e-10,1.1580325852603513e-10,1.0198713560804124e-10,1.1308236855564694e-10,8.177959335772903e-12,2.546113626470984e-11,2.5601199376827988e-11,2.5926456426420318e-11,2.5662930689319383e-11,1.9491669918198192e-13,5.822914711835056e-12,5.206530914835475e-12,5.642275313490166e-12,5.557240313386899e-12,2.5872180649341876e-13,1.0214970516646725e-08,8.99126761857503e-09,9.988717789494788e-09,9.731651974905515e-09,0.7102039129306826,0.24312036319700758,0.41811796732229617,0.8999894802051515,1.3090142910425937e-05,0.0001016955600134672,1.0341986926452708e-08,-0.1347229356250908,-0.9500250665037737,0.025333333333333333,7.885004075901063e-06,1.2448452574662078e-05,9.500312754092201e-05,9.025594242556693e-09,-0.14649104704167526,-0.8488956933235756,0.025333333333333333,6.885418660545226e-06,1.3359851654756133e-05,0.00010075833758688167,1.015224259327201e-08,-0.11645333608123595,-0.9974034027751237,0.025333333333333333,7.748046172131827e-06,1.2966149046614717e-05,9.91972145915069e-05,0.00021324355771189848,-0.00021324355771189848,1.0341986926452708e-08,0.0894521045650089,2.9679757682334107,9.025594242556693e-09,0.0901971726534973,2.7753935264827625,1.015224259327201e-08,0.08792277371865637,2.9989061781414508,9.839941254093804e-09,0.08919068364572086,2.9140918242858747,0.9975281499993099,0.0009264234147786656,0.9987485214340684,0.9965051559897485,1.3163926838960155e-09,5.810172225749794e-10,0,pradeep_move_LR_straight_1.edf,pradeep,move,LR,straight,1,1,42.852201533827895,0.0
6.431197629980814e-10,6.341115384145413e-10,1.146860949224755e-09,8.080307502124593e-10,2.396173544766333e-10,3.379801868136337e-10,3.3974980736353894e-10,3.2020185097384285e-10,3.326439483836718e-10,8.827503618026885e-12,1.8153587551735168e-11,1.5926426509054683e-11,1.7107985882445593e-11,1.7062666647745148e-11,9.097992277727294e-13,2.1503148045814776e-11,1.8491392188516017e-11,2.102013755218587e-11,2.0338225928838884e-11,1.3207121645877608e-12,1.4992466925423132e-11,1.3046348065233687e-11,1.6196822848489567e-11,1.4745212613048797e-11,1.2980045868495163e-12,6.480207520967214e-12,5.24178203175438e-12,5.439911818182671e-12,5.720633790301422e-12,5.43156234310591e-13,1.0240757723039201e-09,1.0106408680635847e-09,1.509719672417457e-09,1.1814787709283206e-09,0.1486614955109649,0.13945928751568612,0.14172771519532354,0.17715694377991464,5.7559457130028845e-06,4.4330852169740444e-05,1.965224454095381e-09,0.3186014289585855,-0.10081762025751173,0.036,1.4987665238598127e-06,5.256112768091688e-06,4.329571710698638e-05,1.874519119808193e-09,0.30928237907876766,0.06370434940668357,0.030666666666666665,1.4266093809293169e-06,5.0206845137439364e-06,4.977558210061494e-05,2.4776085734550587e-09,-0.1746045153583285,0.886720639744929,0.02666666666666667,1.8771118848312052e-06,5.344247664946169e-06,4.588984674745336e-05,0.00015162500873236188,-0.00015162500873236188,1.965224454095381e-09,0.10489787534867595,2.52451327870147,1.874519119808193e-09,0.10322142676627906,2.4375637907886323,2.4776085734550587e-09,0.09032881695195347,2.768340507996798,2.105784049119544e-09,0.09948270635563616,2.5768058591623,0.8934835747196436,0.06640059414392696,0.9869890279823239,0.839240453465502,6.030894536468657e-10,2.6551455966360404e-10,2,pradeep_move_LR_straight_2.edf,pradeep,move,LR,straight,2,1,-4.208577066727878,0.0
3.5904693855820985e-09,3.240153295122984e-09,3.5205578983654033e-09,3.450393526356829e-09,1.5137727731985373e-10,1.2521583285538312e-09,1.0978659383564777e-09,1.1959851828217734e-09,1.182003149910694e-09,6.376079438781575e-11,8.873586214583213e-11,7.20711115314401e-11,8.298507373004104e-11,8.126401580243776e-11,6.911343745495251e-12,9.490747890780533e-11,7.615453586409089e-11,8.969172094916291e-11,8.691791190701971e-11,7.903110385660657e-12,2.5877919763186288e-11,2.5330898195377533e-11,2.4891570932891964e-11,2.5366796297151927e-11,4.034745006721811e-13,7.956827063884512e-12,5.645688406419642e-12,8.231056318466117e-12,7.277857262923424e-12,1.1595349076598892e-12,4.971369939870807e-09,4.445150355945351e-09,4.839357429387697e-09,4.751959241734619e-09,0.6481464928544945,0.23648795235720485,0.43396026100701396,0.6932496574383036,-5.616625031489077e-08,8.267859606684787e-05,6.835750247584992e-09,-0.8546065118116358,0.3932861512169987,0.016,5.1268150516745e-06,-1.9202961048075027e-09,7.839098626195986e-05,6.145146727122779e-09,-0.8269623506927142,0.4148230102744206,0.025333333333333333,4.608860048107737e-06,4.749491623814474e-07,8.105886778058656e-05,6.570540045870615e-09,-0.7785292857061886,0.24352896137467317,0.02,4.928074216933096e-06,1.3895420532058439e-07,8.072919304854329e-05,0.00024645335031191163,-0.00024645335031191163,6.835750247584992e-09,0.1005854823750407,2.8270604976971843,6.145146727122779e-09,0.09879800549761313,2.6909959745259147,6.570540045870615e-09,0.09963841903398601,2.7942171815006716,6.517145673526128e-09,0.09967396896887994,2.7707578845745906,0.9956596727839414,0.0020281235357848563,0.9984188528489952,0.9936017600840474,6.906035204622128e-10,2.844544777490729e-10,0,pradeep_move_LR_upper_1.edf,pradeep,move,LR,upper,1,1,1.9216304620806555,0.0
8.420698814808218e-10,8.111061105722091e-10,8.419925992192541e-10,8.317228637574284e-10,1.4578280124033253e-11,3.93006252824888e-10,3.513840332846685e-10,3.697861893695717e-10,3.713921584930427e-10,1.703010359104751e-11,2.9332528127054434e-11,3.334042523799747e-11,2.240847287125347e-11,2.8360475412101794e-11,4.515570137326702e-12,3.284878519826815e-11,3.5846897444605466e-11,2.5821675769819003e-11,3.150578613756421e-11,4.201507845598675e-12,1.3338603099321456e-11,1.336796985841233e-11,1.547149565494897e-11,1.4059356204227587e-11,9.986053517606936e-13,4.770840353791655e-12,4.6309648132601485e-12,3.676388546991172e-12,4.3593979046809914e-12,4.863247397426541e-13,1.2860343629570912e-09,1.2163359759731543e-09,1.2567483485605843e-09,1.253039562496943e-09,0.2489851263880103,0.13476797884237013,0.21477330446733445,0.2765492478963878,3.7270324339198116e-06,3.784521904524294e-05,1.4322606045824186e-09,-0.789331922672713,1.2059238331642845,0.037333333333333336,1.0846135315094317e-06,4.2712719743306514e-06,3.778733217524005e-05,1.4278824729219318e-09,-0.7167065757468208,1.07445142996779,0.029333333333333333,1.0845946779004757e-06,3.297708483960416e-06,3.715701749272485e-05,1.3806439489546603e-09,-0.7741586195639321,1.2243848323695286,0.029333333333333333,1.0436391226498834e-06,3.7653376307369607e-06,3.7599925267328464e-05,0.00013355632393483144,-0.00013355632393483144,1.4322606045824186e-09,0.11599883685636807,2.113312590764067,1.4278824729219318e-09,0.11442854459466198,2.1057283617618046,1.3806439489546603e-09,0.11470374758197346,2.055055857362737,1.413595675486337e-09,0.11504370967766782,2.0913656032962025,0.9809722472422685,0.00736370112271666,0.9876937606369047,0.9707229431943588,5.161665562775829e-11,2.3368842793670647e-11,0,pradeep_move_LR_upper_2.edf,pradeep,move,LR,upper,2,1,-4.620627841422636,0.0
1.6711262337185925e-09,1.0682885759199201e-08,1.63976658876499e-09,4.6645928605609276e-09,4.255594977374515e-09,1.1115512833833659e-09,2.5619326923900944e-09,1.0453801660924373e-09,1.5729547139552993e-09,6.998346164452537e-10,5.673644415581405e-11,2.4341577182092376e-10,4.956509381074106e-11,1.165724365958263e-10,8.973955216704536e-11,6.12851939528913e-11,2.644930106987982e-10,5.40584961604717e-11,1.2661223360405371e-10,9.754106078786753e-11,3.1750395037628946e-11,1.5745828328420454e-10,3.2372101400192725e-11,7.386025990734207e-11,5.911327411046888e-11,6.022856273954647e-12,1.0560116538255494e-11,5.464704492510805e-12,7.349225768240316e-12,2.2818483743825944e-12,2.881735962366434e-09,1.3677329862110559e-08,2.7770420569106022e-09,6.445369293795864e-09,0.5835102028964881,0.6768672443350622,0.44710877541592414,0.6336226583652944,1.048402730692726e-06,6.613405041328458e-05,4.3737126240668664e-09,-0.7014558749376418,0.028760271212447286,0.024,3.2811088292644432e-06,1.1068436437379481e-05,0.00017556978615878386,3.082474981184109e-08,-0.48604497959237664,-0.5365770615041412,0.013333333333333334,2.3210445072757047e-05,3.264998419134959e-07,6.491713017661612e-05,4.214233790367724e-09,-0.6775216307948582,0.07830437040917015,0.02666666666666667,3.16075529438587e-06,4.147779669995233e-06,0.00011472401671446714,0.0003826861695194414,-0.0003826861695194414,4.3737126240668664e-09,0.09915494018445276,2.605582045776943,3.082474981184109e-08,0.07045785747563636,4.094469480670645,4.214233790367724e-09,0.0989630868216738,2.555437607756633,1.3137565408758563e-08,0.08952529482725431,3.0851630447347405,0.6026444840456535,0.2787983262048108,0.996894451033352,0.40127890041088554,2.6610516021473368e-08,1.2506897495810967e-08,1,pradeep_move_RL_lower_1.edf,pradeep,move,RL,lower,1,0,-71.02135339569611,0.0
3.911240543931796e-10,4.049583576598575e-10,3.8106153851489105e-10,3.92381316855976e-10,9.79625857107622e-12,1.7221914038526498e-10,1.6868303309715822e-10,1.5737750737553932e-10,1.660932269526542e-10,6.32976247571359e-12,1.7914941256515043e-11,1.9911193642917655e-11,1.8965251946525086e-11,1.8930462281985927e-11,8.153378187898934e-13,2.073462264605819e-11,2.345443649257228e-11,2.2044589443219136e-11,2.207788286061653e-11,1.110608895652572e-12,1.5140983969380683e-11,2.2385102162621485e-11,1.7463666016788303e-11,1.8329917382930156e-11,3.0201661843257973e-12,4.806327950897305e-12,4.225395566131391e-12,4.499219235840174e-12,4.51031425095629e-12,2.3729437897229825e-13,6.040251293447808e-10,6.237063249783413e-10,5.824465205862779e-10,6.033926583031334e-10,0.1599135432437873,0.17545329177016988,0.15502087730231706,0.18646546551341658,2.1303127043722133e-07,3.4892192048163583e-05,1.21746506592593e-09,-0.732714833134998,0.6014438164072411,0.029333333333333333,9.131328361860855e-07,-6.930175509324022e-07,3.585032614691949e-05,1.285245884840499e-09,-0.636235622142416,0.4125277213333831,0.02666666666666667,9.642946186247994e-07,-1.9264852778431926e-07,3.375286504002782e-05,1.1392558984103324e-09,-0.6914633656899166,0.5679740232092336,0.029333333333333333,8.544697588991922e-07,-2.2421160275983242e-07,3.484431472398171e-05,0.00011462018562652973,-0.00011462018562652973,1.21746506592593e-09,0.12627054867427454,1.9298488270177192,1.285245884840499e-09,0.12296852221394884,1.9406118029628405,1.1392558984103324e-09,0.1259140347557263,1.9123517861833446,1.2139889497255871e-09,0.12505103521464989,1.9276041387213014,0.978952487030695,0.005646978492926619,0.985841968627845,0.9720100567603026,1.459899864301666e-10,5.965082604819915e-11,1,pradeep_move_RL_lower_2.edf,pradeep,move,RL,lower,2,0,-2.7088651895138787,0.0
8.190193277061213e-09,7.319670669111723e-09,8.053379117891906e-09,7.85441435468828e-09,3.822238746121625e-10,1.4091299110020163e-09,1.34152912772199e-09,1.3101109508295056e-09,1.353589996517837e-09,4.131413830231563e-11,8.478477532631551e-11,8.591765611956276e-11,8.080605254203357e-11,8.383616132930394e-11,2.191958662923338e-12,9.498227220687152e-11,9.33382300096337e-11,9.132939255403357e-11,9.32166315901796e-11,1.493758586304957e-12,2.7001516472042882e-11,2.374884126061703e-11,2.7490420055863278e-11,2.6080259262841063e-11,1.6606001132901383e-12,9.146045591613704e-12,7.750145843269887e-12,8.810356304169944e-12,8.568849246351178e-12,5.949107894403388e-13,9.73045302233376e-09,8.786037013947233e-09,9.49112023763548e-09,9.33587009130549e-09,0.665233286625066,0.24014690029478883,0.43385454968423565,0.7395003830406974,-8.427138042522778e-06,9.912973082421845e-05,9.826703533282005e-09,-0.0951368459938567,-0.3658060484833614,0.028,7.423290141652305e-06,-7.450166626533275e-06,9.406015835300373e-05,8.847313389392137e-09,-0.09688480808325413,-0.3757516898016875,0.02666666666666667,6.677113779116436e-06,-8.853173938736986e-06,9.80167831047366e-05,9.607289770200978e-09,-0.049224330355751585,-0.435435098438687,0.029333333333333333,7.264251344242882e-06,-8.24349286926435e-06,9.709504191934598e-05,0.00026934019923149954,-0.00026934019923149954,9.826703533282005e-09,0.08274828296910602,3.294531767396468,8.847313389392137e-09,0.0826932267269846,3.093640723003503,9.607289770200978e-09,0.08173650223976357,3.285152524043873,9.427102230958373e-09,0.08239267064528473,3.2244416714812814,0.9968376954814766,0.0013683596587521804,0.998752798634049,0.9956395255978944,9.793901438898678e-10,4.196442346090181e-10,0,pradeep_move_RL_straight_1.edf,pradeep,move,RL,straight,1,0,-38.88496418735289,0.0
4.2717452024678593e-10,6.452680917802445e-10,4.615991245357487e-10,5.113472455209263e-10,9.573351256560009e-11,3.1475031047082506e-10,3.2420064545931293e-10,2.629232355882868e-10,3.006247305061416e-10,2.6936706642664297e-11,2.092395572554737e-11,1.5117850266241433e-11,2.899262408190445e-11,2.167814335789775e-11,5.689401629201717e-12,2.4080694430521846e-11,1.7772765852259026e-11,3.180995224318768e-11,2.4554470841989514e-11,5.740441243752697e-12,1.6590918029140427e-11,2.0026370766232267e-11,1.764956124860804e-11,1.808895001466025e-11,1.4365191129944665e-12,5.755075744497759e-12,5.54389861645435e-12,5.782325537380161e-12,5.6937666327774235e-12,1.0655500783005063e-13,7.883515189217708e-10,1.0128117724745027e-09,7.797641991532113e-10,8.603091635164949e-10,0.1839503943047769,0.17115765770399483,0.17231806159598007,0.20833091274295415,1.985602547138408e-06,3.3430756607233236e-05,1.1176154873320688e-09,-0.7527441936046702,0.4843818819638872,0.042666666666666665,8.411685786054535e-07,1.0546173765791263e-06,3.6438077147288394e-05,1.3277334661917406e-09,-0.8478571542231532,0.5482432822030954,0.037333333333333336,9.966342630020426e-07,1.8175507875867474e-06,3.378714235322035e-05,1.1415709883967766e-09,-0.9165572404629664,0.8441545830158677,0.042666666666666665,8.586558594466753e-07,1.6192569037680939e-06,3.458040046669513e-05,0.00010965442585432846,-0.00010965442585432846,1.1176154873320688e-09,0.144348038198729,1.9045236237618761,1.3277334661917406e-09,0.13157690797574442,2.012105852708155,1.1415709883967766e-09,0.13929518629662244,1.9248922254605891,1.1956399806401953e-09,0.1384067108236986,1.9471739006435402,0.9641889000397895,0.015541346467658352,0.9850623934622643,0.9477920250331108,2.1011797885967175e-10,9.391479543246464e-11,1,pradeep_move_RL_straight_2.edf,pradeep,move,RL,straight,2,0,15.541302990383041,0.0
4.223787583787773e-09,3.899121181907031e-09,4.232566829477513e-09,4.11849186505744e-09,1.5515989872413939e-10,7.922150745993998e-10,6.877610312337286e-10,6.991961610771545e-10,7.263907556367609e-10,4.6778351644077234e-11,6.712564588491793e-11,6.02669162894086e-11,6.059804075670664e-11,6.266353431034439e-11,3.1580838738247824e-12,7.06350521432385e-11,6.467831199013652e-11,6.469458117785925e-11,6.666931510374476e-11,2.8042074187937365e-12,1.8757992575486095e-11,1.824844518758761e-11,1.916550911675862e-11,1.872398229327744e-11,3.7516137596024504e-13,5.954345019655538e-12,4.784625552374726e-12,5.9230069116806e-12,5.5539924945702876e-12,5.441749951748818e-13,5.111350048125554e-09,4.6745935958708575e-09,5.021546087760967e-09,4.9358299105857925e-09,0.5278046730703977,0.177376164658249,0.3757655541156395,0.5615493281260482,-1.3050739469438176e-06,8.411132948830229e-05,7.074715748289751e-09,-0.8370159446790514,0.4649003953438724,0.021333333333333333,5.307314224722556e-06,-1.717400324050668e-06,7.96807155050756e-05,6.349016423400794e-09,-0.8156161703519357,0.5081884925217048,0.030666666666666665,4.763974415455383e-06,-1.8025204561630392e-06,8.211360301012801e-05,6.7426437993049046e-09,-0.8871089125268821,0.7358166255899703,0.036,5.059419659474843e-06,-1.6083315757191748e-06,8.198885603441892e-05,0.00026771909370169216,-0.00026771909370169216,7.074715748289751e-09,0.07856242122498257,3.191928106382042,6.349016423400794e-09,0.07699347800834457,2.841190087593065,6.7426437993049046e-09,0.07698237010254153,3.058458960073716,6.722125323665149e-09,0.07751275644528956,3.0305257180162744,0.9903741280816957,0.004126841259259291,0.996198658923997,0.9871419274811744,7.256993248889575e-10,2.96620558309778e-10,0,pradeep_move_RL_upper_1.edf,pradeep,move,RL,upper,1,0,4.850679927954317,0.0
1.298999335680831e-09,1.3913922472749306e-09,1.2780496809147389e-09,1.3228137546235002e-09,4.924076393572933e-11,3.535906151255217e-10,3.827922852335855e-10,3.65774650969942e-10,3.673858504430164e-10,1.1975846722509805e-11,2.7886144863133534e-11,3.208278531886628e-11,2.6262580522878945e-11,2.874383690162625e-11,2.4522673442454354e-12,3.257152438832124e-11,3.76487971070388e-11,3.125158561789734e-11,3.382396903775246e-11,2.7577215123017208e-12,2.049910739109953e-11,2.195742210571335e-11,2.3361007643079153e-11,2.1939179046630677e-11,1.1684370957176886e-12,5.039436732466397e-12,5.430064300722294e-12,5.389778516273392e-12,5.286426516487361e-12,1.754208295598668e-13,1.7107000193182406e-09,1.8392208160219907e-09,1.7038267036619305e-09,1.7512491796673872e-09,0.23579317845840697,0.20836150444532398,0.21450615953177832,0.27744797813574057,-1.1719633786873423e-06,4.231284679873657e-05,1.7903770042133514e-09,-1.5765557903383471,3.7581784052558866,0.03333333333333333,1.3438128767807516e-06,-1.5754557473110715e-06,4.364850404827908e-05,1.9051919056526354e-09,-1.4771275168660287,2.8028155003407162,0.03333333333333333,1.4307554748482783e-06,-1.2053150633952235e-06,4.168657461855018e-05,1.7377705034279517e-09,-1.5697170673955878,3.756782114295455,0.044,1.3044174658724993e-06,-1.317578063131213e-06,4.255756775949244e-05,0.0002074939522140487,-0.0002074939522140487,1.7903770042133514e-09,0.11240885419811707,2.2011458928539054,1.9051919056526354e-09,0.11123588045400909,2.1796320540450154,1.7377705034279517e-09,0.11479922988065477,2.1474872087320604,1.8111131377646462e-09,0.1128146548442603,2.176088385210327,0.9775143266435267,0.00813874849679486,0.9887035436845379,0.9695830737024945,1.674214022246837e-10,6.990456306857554e-11,1,pradeep_move_RL_upper_2.edf,pradeep,move,RL,upper,2,0,-16.490147196655727,0.0
2.0771416756663344e-09,2.0298420630532657e-09,2.164412638943923e-09,2.090465459221174e-09,5.574018526489935e-11,5.250371967613786e-10,4.950969574922612e-10,4.739228789691524e-10,4.98019011074264e-10,2.096937717551074e-11,3.0343928727034135e-11,2.5437595735907677e-11,2.7908323144408553e-11,2.789661586911679e-11,2.003019162859747e-12,3.343644187990522e-11,2.806715059324999e-11,3.5181044341616756e-11,3.222821227159065e-11,3.0272908852161214e-12,1.9974580128655838e-11,2.1038202506292733e-11,2.0967775182572175e-11,2.066018593917358e-11,4.856483621876909e-13,8.567423237911275e-12,7.660994803573322e-12,8.523958206588864e-12,8.250792082691154e-12,4.174269797046847e-13,2.6641573176741853e-09,2.581705368448642e-09,2.7030082956438527e-09,2.6496236605888934e-09,0.23126336717504195,0.19086782012897952,0.21082735970307118,0.26713754978386417,-4.1028032934532184e-06,5.266702745608127e-05,2.773815781059618e-09,-1.0349761829176205,1.3218543257658766,0.037333333333333336,2.092986581943291e-06,-3.461020835876427e-06,5.1420304414306383e-05,2.6440477060599366e-09,-1.1440259245638187,1.496705123065638,0.05333333333333334,1.9920197784647307e-06,-4.001784565752105e-06,5.339411755206568e-05,2.850931789163808e-09,-0.9154072649903874,1.0934016627410816,0.034666666666666665,2.1502095516558743e-06,-3.855202898360583e-06,5.250089982696364e-05,0.00018426310604729204,-0.00018426310604729204,2.773815781059618e-09,0.10909933400003724,2.3773410011063185,2.6440477060599366e-09,0.10638993827386124,2.319348862319618,2.850931789163808e-09,0.10426405292956305,2.3962637738325054,2.7562650920944543e-09,0.10658444173448717,2.364317879086147,0.9888246988795366,0.004226067942267464,0.992994374459613,0.9830317848299432,2.0688408310387158e-10,8.536695681115479e-11,2,pradeep_watch_LR_lower_1.edf,pradeep,watch,LR,lower,1,1,-1.7920095423155615,0.0
4.87954143139242e-10,5.835872565647426e-10,4.3368754817687214e-10,5.017429826269522e-10,6.196816233360231e-11,2.349071816379011e-10,2.2814171676318742e-10,2.2654292791651022e-10,2.2986394210586623e-10,3.6253487351494045e-12,1.4466608307861694e-11,1.2837055264159076e-11,1.6370898826597433e-11,1.455818746620607e-11,1.4441381830533744e-12,1.6119299969217137e-11,1.5523159649309865e-11,1.7216888434957383e-11,1.6286449351161462e-11,7.014905495899576e-13,2.3107295552687887e-11,2.244475777939209e-11,2.2294434830790482e-11,2.2615496054290154e-11,3.5312821768423585e-13,1.2383803601917022e-11,1.2141374276577696e-11,1.2079718144550482e-11,1.2201632007681733e-11,1.3125099863444695e-13,7.744717239009648e-10,8.618382650332097e-10,7.118215175036809e-10,7.827105021459517e-10,0.11873879521432558,0.20155780135233659,0.12512279271074794,0.13283203799057222,1.0190279139876112e-07,2.9626620304198256e-05,8.777366306491324e-10,-0.493116152109741,0.9781412360245976,0.07333333333333333,6.583102611210204e-07,-1.130728205098371e-07,3.303091585796042e-05,1.0910414024156613e-09,-0.5782846523855508,0.717352826632923,0.05733333333333333,8.182906409087996e-07,7.167132560626244e-08,2.9029450446078135e-05,8.42708993201306e-10,-0.22131261023272736,0.9919355555039924,0.07066666666666667,6.320355974851651e-07,2.01670988317293e-08,3.0613254822875996e-05,9.764027764218482e-05,-9.764027764218482e-05,8.777366306491324e-10,0.15720574548725194,1.844027629798202,1.0910414024156613e-09,0.14164972148060787,2.0019609442221453,8.42708993201306e-10,0.15722823718740883,1.819450778683863,9.371623420886999e-10,0.15202790138508956,1.8884797842347367,0.9396112934450248,0.021272195935076968,0.9696232498617887,0.9228105077597375,2.483324092143552e-10,1.0974457542137122e-10,1,pradeep_watch_LR_lower_2.edf,pradeep,watch,LR,lower,2,1,46.002826462244634,0.0
1.5522255474587475e-09,1.4285159686556938e-09,2.0758564890473652e-09,1.6855326683872689e-09,2.8058335505743335e-10,6.211327777360822e-10,6.219215145165005e-10,6.245357949154927e-10,6.225300290560252e-10,1.4543839335953474e-12,3.179695323859373e-11,2.5659385416782618e-11,3.10240904326024e-11,2.9493476362659584e-11,2.729410102954237e-12,3.568157493161939e-11,2.96428599334638e-11,3.50916600815539e-11,3.347203164887903e-11,2.7183226325786473e-12,1.927456051546384e-11,2.1723764291126144e-11,1.811727227333806e-11,1.970519902664268e-11,1.5035033120626506e-12,9.573337895738828e-12,9.13474959241831e-12,8.714664360784072e-12,9.140917282980402e-12,3.5057913059495915e-13,2.2378877985376503e-09,2.1109388569892036e-09,2.7623158806785337e-09,2.3703808454017957e-09,0.24668044260518207,0.18053661269287724,0.22064186862947807,0.27992409912613175,1.2488892707838585e-06,5.078504956750093e-05,2.5791212595735267e-09,-1.1042114338293307,1.1709985468789537,0.032,1.9355107379881544e-06,1.8082799398926187e-06,5.080233756537328e-05,2.5808775021061366e-09,-0.9991356357786555,1.0610924135534203,0.042666666666666665,1.938110533835366e-06,-1.832568757516523e-06,7.16802838218694e-05,5.1380630887837515e-09,-0.7769330647952686,1.3611987873477798,0.02,3.856066047776083e-06,4.082001510533176e-07,5.86110054437338e-05,0.00023423303231005207,-0.00023423303231005207,2.5791212595735267e-09,0.13065644980402366,2.3551740133528374,2.5808775021061366e-09,0.12691117715447237,2.30845955837216,5.1380630887837515e-09,0.09224232078809051,3.1584248403520627,3.432687283487805e-09,0.11660331591552885,2.6073528040256866,0.8177254433900513,0.12146977247267686,0.98877598276444,0.7184654304710433,2.558941829210225e-09,1.2058830095448887e-09,2,pradeep_watch_LR_straight_1.edf,pradeep,watch,LR,straight,1,1,44.08147157950506,0.0
1.2015028295151826e-09,3.3226949184751275e-09,1.186457995375009e-09,1.9035519144551064e-09,1.003504438174143e-09,2.1071056524547334e-10,2.6404748561632095e-10,1.9921264468114687e-10,2.2465689851431372e-10,2.8246112517259247e-11,2.1419583367349072e-11,5.977321709881212e-11,1.708134430882276e-11,3.2758048258327984e-11,1.9184535267451396e-11,2.363704890881032e-11,7.088699855101825e-11,1.879328818013362e-11,3.777244521332073e-11,2.349887566906947e-11,2.5415108733689953e-11,4.311810960118149e-11,2.5264747596173287e-11,3.1265988643681576e-11,8.380939903985523e-12,1.428664890642862e-11,1.2253434794636303e-11,1.389220055058156e-11,1.3477428083882161e-11,8.8034730095449e-13,1.4755522013095855e-09,3.713000947038285e-09,1.4436208763830442e-09,2.210724674910305e-09,0.24160033696420638,0.2761082282981258,0.2222727586214079,0.2779344125083561,9.82557251368287e-08,7.049708221911571e-05,4.96983860140876e-09,0.8515951034005422,2.1263519931166055,0.04,3.727386191697212e-06,-1.817850167826716e-06,8.752986738892675e-05,7.661477685123104e-09,0.3643633964950355,-0.5014155979787094,0.021333333333333333,5.748586698266828e-06,-1.1916737713979092e-06,6.995285397135282e-05,4.893401778737412e-09,0.8427489493237209,2.5608745119352507,0.029333333333333333,3.6711163988361374e-06,-9.704227380292643e-07,7.64343448636267e-05,0.0002634390345033831,-0.00017219716974173512,4.96983860140876e-09,0.09116329885182119,3.3180031382369437,7.661477685123104e-09,0.07772345066863746,3.748623332969356,4.893401778737412e-09,0.09293052602236489,3.3159599050918978,5.8415726884230926e-09,0.08727242518094118,3.4608621254327327,0.8180302132743401,0.10991175907614155,0.9710010310381244,0.7176525701033115,2.768075906385692e-09,1.2872454556727646e-09,1,pradeep_watch_LR_straight_2.edf,pradeep,watch,LR,straight,2,1,37.067872907473195,0.0
1.5504874205974835e-09,1.5642947135137556e-09,1.457927904569469e-09,1.524236679560236e-09,4.7224997370750295e-11,6.393054572266639e-10,6.03172909971872e-10,6.02806706453043e-10,6.150950245505262e-10,1.7120013902421232e-11,3.233607181971974e-11,3.684835198328172e-11,3.6365951751537836e-11,3.518345851817977e-11,2.023015200770366e-12,3.481807154775627e-11,3.826536926367912e-11,4.103609231474753e-11,3.8039844375394304e-11,2.543500431965176e-12,1.8333617454372676e-11,1.736989298259737e-11,1.658965280404796e-11,1.743105441367267e-11,7.132828872585944e-13,1.1279605159117117e-11,9.910838322774717e-12,9.626463363176635e-12,1.0272302281689491e-11,7.216700975593975e-13,2.2542241719853934e-09,2.2330137240546797e-09,2.1279868195044854e-09,2.2050749051815198e-09,0.29970887068002167,0.15803928023439476,0.2547342656271259,0.32407683846027163,-1.1160486234774338e-06,6.582998625769609e-05,4.333587090688456e-09,0.1401042712947466,1.2995910753362967,0.03866666666666667,3.2511244914138164e-06,-1.2723610673953577e-06,6.50437434874431e-05,4.230688566860297e-09,0.13871800022688693,1.1329413241994777,0.03333333333333333,3.17423060215959e-06,-1.1568264877235363e-06,6.471440770241346e-05,4.1879545642741905e-09,0.027129335845695095,1.427668716023197,0.03866666666666667,3.141969608847667e-06,-1.181745392865442e-06,6.519775908736117e-05,0.0002186330332266793,-0.00019229766527021838,4.333587090688456e-09,0.10393706570004949,2.5648516872201843,4.230688566860297e-09,0.10105995831859439,2.5190648099331097,4.1879545642741905e-09,0.10262720000675318,2.5038622380397406,4.250743407274315e-09,0.10254140800846569,2.5292595783976783,0.9920844613457261,0.002104684664821681,0.9941118413069641,0.9891834864960211,1.4563252641426546e-10,6.112203997181498e-11,0,pradeep_watch_LR_upper_1.edf,pradeep,watch,LR,upper,1,1,-1.6960572869584305,0.0
5.267296687148853e-10,3.8949463984337594e-10,4.1650820481043637e-10,4.442441711228992e-10,5.935950447797192e-11,2.8551543799783907e-10,2.6423888685646126e-10,2.6612168985779244e-10,2.7195867157069757e-10,9.616848886390601e-12,1.8856262497261616e-11,2.875488063063118e-11,2.1432255515231646e-11,2.3014466214374815e-11,4.1931057113576745e-12,2.2191335670299167e-11,3.263971231691293e-11,2.3701945627985034e-11,2.6177664538399045e-11,4.610786753538714e-12,1.939184901601387e-11,1.8602054840104976e-11,1.927426745078562e-11,1.908939043563482e-11,3.4792560806701506e-13,1.2500913772633e-11,1.1687422473936053e-11,1.2219413446913443e-11,1.2135916564494167e-11,3.3731372172327994e-13,8.663292051716701e-10,7.166627163307911e-10,7.378255211939134e-10,7.736058142321248e-10,0.19335773103057705,0.17022679860491619,0.18145470278590392,0.21993046158272378,7.442384196392446e-07,4.5051825117582325e-05,2.0296669464252215e-09,0.6263003919475857,1.5788899192448103,0.04,1.5226656279378666e-06,3.5363717608002525e-07,4.455602126406367e-05,1.985239030883694e-09,0.28349330835457504,2.0560150736957814,0.048,1.4890230676019999e-06,1.5743163099837016e-06,4.473290487341638e-05,2.001032778414119e-09,0.8374261641184667,2.615204324969225,0.050666666666666665,1.5026334376934996e-06,8.907306352343238e-07,4.478361297934343e-05,0.00018108447031881198,-0.00014707464114927063,2.0296669464252215e-09,0.1388755486630669,2.504698426323009,1.985239030883694e-09,0.13511613151268104,2.4561107679234015,2.001032778414119e-09,0.1376222407428729,2.4895481143586147,2.005312918574345e-09,0.13720464030620694,2.483452436201675,0.9666893620716622,0.01508791900727479,0.987941571081108,0.9544123005356239,4.442791554152737e-11,1.8388395247812424e-11,0,pradeep_watch_LR_upper_2.edf,pradeep,watch,LR,upper,2,1,-3.497213171247643,0.0
1.9926720821392467e-09,1.8309806322732933e-09,1.6611562382923777e-09,1.8282696509016393e-09,1.3535435159948003e-10,6.305431507969946e-10,6.017297004036202e-10,5.994600003489384e-10,6.105776171831843e-10,1.414813966446223e-11,2.814738349938635e-11,2.4357016907507e-11,2.390110046897563e-11,2.546850029195633e-11,1.9033788165643245e-12,3.4889740130054803e-11,2.909711519272258e-11,2.8404807327410416e-11,3.0797220883395934e-11,2.907617338795718e-12,2.7799983486999057e-11,2.2692872114869187e-11,2.3624665670145462e-11,2.4705840424004566e-11,2.220713215481502e-12,1.2693412263901886e-11,1.080297023288172e-11,1.0867464344092714e-11,1.1454615613625439e-11,8.763571296936468e-13,2.6985983688171964e-09,2.4953032902173866e-09,2.323513175982964e-09,2.5058049450058488e-09,0.20403394682449894,0.22152664594689797,0.19449342845653314,0.24664109376011326,2.3331898197623645e-07,5.166912580296807e-05,2.6696985612429404e-09,-0.9523716557104696,0.6767133910245646,0.025333333333333333,2.002314749242718e-06,2.7487227991947394e-07,4.9780945561613364e-05,2.478142541008313e-09,-1.002875807947356,0.7826195701630172,0.036,1.8586635718339359e-06,-4.0389475956975703e-07,4.876891676012738e-05,2.378407241956233e-09,-1.1713525584047755,0.8687572066319613,0.03866666666666667,1.7839277796997806e-06,3.4765500775318514e-08,5.008838135995805e-05,0.00016028619445615527,-0.00016028619445615527,2.6696985612429404e-09,0.13525011910246884,2.387024887090429,2.478142541008313e-09,0.13176177678346812,2.292068542742039,2.378407241956233e-09,0.1351998025623101,2.2992595302675065,2.508749448069162e-09,0.1340705661494157,2.326117653366658,0.9644797694943147,0.01974251491086461,0.9913358411653148,0.9444400845974879,2.912913192867075e-10,1.2087250926167687e-10,0,pradeep_watch_RL_lower_1.edf,pradeep,watch,RL,lower,1,0,-6.859193519105224,0.0
1.4859586908803383e-10,2.82130972293467e-10,1.5960431965608623e-10,1.9677705367919566e-10,6.052142905938938e-11,2.0110144398001264e-10,1.808839381248561e-10,1.6856244963115119e-10,1.8351594391200666e-10,1.3413727524604659e-11,1.3669295806290433e-11,2.2364671177237837e-11,1.454207646099291e-11,1.6858681148173727e-11,3.909593428812496e-12,1.5854074315046023e-11,2.4132493386988504e-11,1.6209241239108508e-11,1.8731936313714347e-11,3.821522245759811e-12,2.300247480240058e-11,2.076426674590307e-11,2.1648085142858115e-11,2.1804942230387254e-11,9.20451677338789e-13,1.322994917898481e-11,1.1323169423775937e-11,1.2494185004167224e-11,1.2349101202309325e-11,7.851705720796212e-13,4.0178381136447795e-10,5.192348399749904e-10,3.7851828067337133e-10,4.3317897733761327e-10,0.13862173694390223,0.1940360386473651,0.14109731035531173,0.15399023920570679,1.922966078832642e-07,2.363243402804161e-05,5.584919380897389e-10,-0.4441230270090218,1.1031314777294234,0.07733333333333334,4.188966870563567e-07,-2.0859236556806243e-07,2.710112604563826e-05,7.344710329415723e-10,-0.7755511431780665,1.256098601748703,0.06666666666666667,5.508859077874092e-07,-6.731287706756054e-07,2.2156292496305672e-05,4.90901297181851e-10,-0.7388619900629341,1.0756682964550963,0.07866666666666666,3.6851579964282164e-07,-2.29808176120134e-07,2.438742451840029e-05,9.10547811149431e-05,-9.10547811149431e-05,5.584919380897389e-10,0.20271275569139066,1.5164576315550617,7.344710329415723e-10,0.1771478232745835,1.672380005408797,4.90901297181851e-10,0.21234486820041892,1.44911530949168,5.946214227377208e-10,0.19740181572213103,1.5459843154851798,0.9251678051294756,0.024580678332743907,0.9577399512077439,0.898364788815858,2.435697357597213e-10,1.0266631641783876e-10,1,pradeep_watch_RL_lower_2.edf,pradeep,watch,RL,lower,2,0,51.747828511922926,0.0
1.7600287673337145e-09,1.4785467862762113e-09,1.5374300003354378e-09,1.5920018513151213e-09,1.2122043723323697e-10,4.205905236020427e-10,3.7633286811889554e-10,3.4291698395653203e-10,3.7994679189249007e-10,3.1812890721076086e-11,5.5739104108701044e-11,2.91659607984151e-11,3.690418303510844e-11,4.060308264740819e-11,1.1159282536783809e-11,5.923994719500883e-11,3.18400289151978e-11,3.942218036495902e-11,4.350071882505522e-11,1.1551759964407836e-11,3.159348392637453e-11,1.7392042279193836e-11,2.0438138478167063e-11,2.3141221561245142e-11,6.104655591163557e-12,9.695801082151939e-12,9.23908291318138e-12,9.42088090571412e-12,9.45192163368248e-12,1.877418734354152e-13,2.281148523139293e-09,1.913350808502679e-09,1.9496281840408114e-09,2.0480425052275944e-09,0.32614523259813777,0.21133513263504666,0.27864943028384537,0.3495750327434641,-7.962665801403649e-07,5.0685063074994514e-05,2.5689756189161724e-09,-0.17958889793352903,-0.08108209668605815,0.029333333333333333,1.927207244537116e-06,-2.2307721221530093e-07,4.258698817049023e-05,1.8136515614334748e-09,-0.8596665746737474,1.009993087874813,0.028,1.3602759936570633e-06,-7.294641541327867e-09,4.248953542722534e-05,1.8053606208214374e-09,-0.7305812365476267,1.1060849733935028,0.036,1.3540205055249243e-06,-3.422128112989983e-07,4.541776572175066e-05,0.00014440294509237428,-0.00014440294509237428,2.5689756189161724e-09,0.12168027087254929,2.3998565578366344,1.8136515614334748e-09,0.1308228516070504,2.0910829389701933,1.8053606208214374e-09,0.13215108337829207,2.1053920441504297,2.0626626003903614e-09,0.12821806861929727,2.1987771803190856,0.8074026851913115,0.12028363233038512,0.9764330692229509,0.7063413375653725,7.63614998094735e-10,3.5803336852924446e-10,0,pradeep_watch_RL_straight_1.edf,pradeep,watch,RL,straight,1,0,43.959803664258324,0.0
3.0634914222760254e-10,5.097462712047558e-10,2.589628914370357e-10,3.58352768289798e-10,1.087852892464253e-10,1.5363888220369412e-10,2.081973760107284e-10,1.6971292029684654e-10,1.7718305950375634e-10,2.289118529697997e-11,3.156078539011938e-11,2.864203345698916e-11,3.6892777476579065e-11,3.2365198774562537e-11,3.416041070108605e-12,3.394704374699718e-11,3.0072877484803454e-11,3.887420836182891e-11,3.429804319787651e-11,3.6016900442809352e-12,2.7660881705634538e-11,2.88420996103194e-11,2.6946702147234237e-11,2.7816561154396056e-11,7.815838423109983e-13,1.3341822520489842e-11,1.2572040818138687e-11,1.293035093079371e-11,1.2948071423140747e-11,3.145117689429408e-13,5.349377724044186e-10,7.894306651287455e-10,5.074270731737392e-10,6.105985035689678e-10,0.2533810892921795,0.24629064584859073,0.24049244483481513,0.26851640316395403,2.8945879270571846e-06,2.8885338035975556e-05,8.343627534525761e-10,0.7752949070824038,1.8832163773299015,0.042666666666666665,6.32056044540031e-07,2.215086801343666e-06,3.141345908992724e-05,9.868054119945323e-10,-0.3915065260557863,0.8773803763690893,0.05333333333333334,7.437840161490145e-07,2.557071225811577e-06,2.757042089834442e-05,7.601281085118667e-10,0.6696569533472938,1.6480980962125278,0.064,5.750000413243051e-07,2.555581984737476e-06,2.933443447654228e-05,0.00012617597545626575,-9.947473633104903e-05,8.343627534525761e-10,0.17952639776314513,1.7773389346973654,9.868054119945323e-10,0.1637776140399781,1.8861269095140956,7.601281085118667e-10,0.18689741866301246,1.6894992589741198,8.604320913196583e-10,0.17673381015537856,1.7843217010618604,0.8688444222691564,0.07202917374415573,0.9690995534946346,0.8030968597735665,2.2667730348266556e-10,9.435874013983082e-11,1,pradeep_watch_RL_straight_2.edf,pradeep,watch,RL,straight,2,0,11.813904190301384,0.0
1.5226243589867995e-09,1.4426726961757782e-09,1.6412528886188616e-09,1.5355166479271462e-09,8.15809681370766e-11,5.167176544688175e-10,4.909296082763323e-10,5.159004214754467e-10,5.078492280735322e-10,1.1968628938540723e-11,3.072640693630692e-11,2.6953117793735023e-11,3.498898824813715e-11,3.0889504326059696e-11,3.2826568567641877e-12,3.7516077020788923e-11,3.106281585825599e-11,4.1596465846738386e-11,3.6725119575261095e-11,4.336562062313166e-12,1.9202466330783337e-11,1.8626083110029974e-11,1.7417359897351356e-11,1.8415303112721555e-11,7.438514189088503e-13,7.306724832485497e-12,5.9289027619096155e-12,6.74457216133281e-12,6.660066585242641e-12,5.656585005308715e-13,2.1033672816396732e-09,1.989220106182308e-09,2.22291170799973e-09,2.105166365273904e-09,0.2609884872315456,0.17265120270518905,0.22539752458235218,0.3102807226765529,-1.5818100374706123e-06,5.323520199062715e-05,2.8339867309828727e-09,-0.8795523624765114,0.22172742253964328,0.036,2.1273666404831364e-06,-1.3088177809808313e-06,5.227490250860746e-05,2.7326654322844147e-09,-0.8517438676243272,0.18084307952606293,0.03866666666666667,2.05078382720117e-06,-1.5393661001750407e-06,5.523374336439191e-05,3.0507664060435076e-09,-0.8005712081792978,0.17460412395801184,0.030666666666666665,2.289852040525407e-06,-1.4766646395421597e-06,5.359558977163014e-05,0.0001628480410812705,-0.0001628480410812705,2.8339867309828727e-09,0.10604042944020808,2.362359362261649,2.7326654322844147e-09,0.10336159916370519,2.2659424104492856,3.0507664060435076e-09,0.10027432479565518,2.396168194089456,2.8724728564369315e-09,0.10322545113318948,2.3414899889334637,0.9939091066114463,0.0004752327720029679,0.9945322924864062,0.9933795714675989,3.1810097375909287e-10,1.3268494957597853e-10,2,pradeep_watch_RL_upper_1.edf,pradeep,watch,RL,upper,1,0,5.971564341677642,0.0
4.0664228952981857e-10,4.645920819551024e-10,4.1516112477450063e-10,4.2879849875314056e-10,2.5547708146502876e-11,2.6258322517718677e-10,2.2726669515992164e-10,2.836876248309885e-10,2.578458483893656e-10,2.3276058949905415e-11,1.3199744400025098e-11,1.4040051860041181e-11,1.3175811441327296e-11,1.3471869233797858e-11,4.0188457646574523e-13,1.6799984903629766e-11,1.796989232695711e-11,1.748296671237846e-11,1.7417614647655115e-11,4.7984303965763e-13,2.8232914446947765e-11,2.496901471456576e-11,2.857407105845299e-11,2.7258666739988836e-11,1.6250080526029056e-12,1.4980492710208853e-11,1.3268992147113034e-11,1.501189090127527e-11,1.4420458586199052e-11,8.143106212646529e-13,7.292389067677918e-10,7.4806667630366e-10,7.599176782775957e-10,7.457410871163492e-10,0.10592012936077871,0.23814324421826807,0.11472540162848394,0.13692736862972474,8.836609422003654e-07,3.2164341441095896e-05,1.0345448603393988e-09,-0.3535996492730367,0.7584495561995483,0.056,7.764942877501269e-07,1.7714056000640508e-07,3.4074561471461134e-05,1.1610757394723834e-09,-0.6786685588715342,0.938576955276496,0.064,8.708303386877871e-07,7.709973434549892e-07,3.26492893156567e-05,1.0659760928174552e-09,-0.31763737590293323,0.5774993896422562,0.058666666666666666,7.999278972908023e-07,6.105996152205863e-07,3.2974155886599534e-05,0.00011210074413768286,-0.00011210074413768286,1.0345448603393988e-09,0.16507193868327893,1.964337843956318,1.1610757394723834e-09,0.15162148067470327,2.027361106129996,1.0659760928174552e-09,0.16321906818924126,1.979636204126372,1.0871988975430792e-09,0.15997082918240782,1.9904450514042287,0.9499189016128341,0.028892851716650823,0.9899556554621494,0.9228302293345465,1.265308791329846e-10,5.3791705828178656e-11,1,pradeep_watch_RL_upper_2.edf,pradeep,watch,RL,upper,2,0,59.69244337115059,0.0
1.530461518578391e-08,1.4088839797875719e-08,1.1568892293018251e-08,1.3654115758892627e-08,1.5557731465813995e-09,5.227546760196632e-09,4.965141735000835e-09,4.425665869266962e-09,4.87278478815481e-09,3.338169109283113e-10,1.983502812940971e-09,1.9531118975411703e-09,1.973388832095495e-09,1.9700011808592123e-09,1.2636166886717877e-11,2.264175596984643e-09,2.245669435103843e-09,2.278081735062861e-09,2.2626422557171157e-09,1.3276612237072281e-11,4.134041250958407e-10,3.943764678000383e-10,3.908975114680828e-10,3.995593681213206e-10,9.892210944393109e-12,1.929881000600237e-11,1.759051507706455e-11,1.7736087224120966e-11,1.8208470769062628e-11,7.732733674483673e-13,2.322904047806702e-08,2.1711617950857498e-08,1.868127349604027e-08,2.120731064165493e-08,3.9446839263290996,3.379737053125616,0.8338175027306257,4.531065892897282,8.179822982539262e-06,0.00021810443507911303,4.756954460117903e-08,0.2295149015792599,-0.28497649476446574,0.016,3.572734057890353e-05,8.389084339768087e-06,0.00021378893740556026,4.570570975699857e-08,0.2665547355377095,-0.20481560322431136,0.018666666666666668,3.433206486979372e-05,7.696800452060568e-06,0.00020400083362679568,4.1616340120427574e-08,0.25925716273658844,-0.27468538534176723,0.021333333333333333,3.125668564321981e-05,8.08856925812264e-06,0.0002120470439925687,0.000616989828962309,-0.0004642000786315928,4.756954460117903e-08,0.10073222397370099,4.407210271525194,4.570570975699857e-08,0.10068790787621386,4.3461572890189215,4.1616340120427574e-08,0.10506087853942207,4.236469426064267,4.496386482620172e-08,0.10216033679644565,4.329945662202795,0.9961129818877548,0.001879370605224301,0.9980961815357964,0.9935889851912896,5.953204480751455e-09,2.4863509169626525e-09,0,rohith_move_LR_lower_1.edf,rohith,move,LR,lower,1,1,-158.56003478118063,0.0
2.2358691432742732e-09,2.216324064847413e-09,2.263965413605979e-09,2.2387195405758884e-09,1.9553654414910363e-11,3.8288066604961903e-10,4.107270186324948e-10,3.8184960273503863e-10,3.9181909580571755e-10,1.3376544947710867e-11,1.7194634170667186e-10,1.7540056667692345e-10,1.6225027181357527e-10,1.6986572673239022e-10,5.566523915434373e-12,2.1603482596008612e-10,2.171562704211599e-10,2.0531265090875903e-10,2.1283458243000167e-10,5.338476672704558e-12,2.1401194606353193e-10,2.096401740401683e-10,2.1525432681516828e-10,2.1296881563962285e-10,2.40773318790705e-12,5.65002371574271e-12,5.92936489871486e-12,5.960225060712652e-12,5.846537891723407e-12,1.3952646922277693e-13,3.0544466050632516e-09,3.059776892839952e-09,3.072342219125658e-09,3.0621885723429537e-09,0.5429031563965794,2.012062814779109,0.5428462802474224,0.6801871128216123,1.415443868808194e-05,8.069738087750085e-05,6.51206728048844e-09,-0.8453169515917528,0.9243815625112584,0.04133333333333333,5.034311561297333e-06,1.4002710421866218e-05,8.0183730545922e-05,6.429430644261026e-09,-0.8340233690134075,0.8606622827641659,0.04133333333333333,4.96912990756475e-06,1.3921061635125029e-05,8.011601010747188e-05,6.418575075540538e-09,-0.8084620029555353,0.7850505003240298,0.04666666666666667,4.9592782744421155e-06,1.4026070248357732e-05,8.033285141882423e-05,0.00024983294643452403,-0.00024983294643452403,6.51206728048844e-09,0.1304633286063721,3.21299026375379,6.429430644261026e-09,0.13148010743669522,3.190408746935981,6.418575075540538e-09,0.13112489665731858,3.2041012756289478,6.453357666763335e-09,0.1310227775667953,3.202500095439573,0.9974951937006796,0.0012426052319244117,0.998631783051167,0.9957661987497928,9.349220494790257e-11,4.174984950770999e-11,0,rohith_move_LR_lower_2.edf,rohith,move,LR,lower,2,1,24.11221360775817,0.0
1.982034797424464e-09,2.0488268558355e-09,2.2771370684423956e-09,2.1026662405674533e-09,1.2634700128672533e-10,6.916234153604031e-10,6.817043402338022e-10,6.77972648513578e-10,6.837668013692611e-10,5.760565269025459e-12,2.3966889728395796e-10,2.2738032193019923e-10,2.158747497482056e-10,2.2764132298745425e-10,9.715673090500174e-12,2.55602872440273e-10,2.4349341541520886e-10,2.3484010023361614e-10,2.44645462696366e-10,8.515420801107323e-12,1.6767693022940113e-10,1.6913167495789894e-10,1.695728436283574e-10,1.687938162718858e-10,8.1003426794647e-13,2.1825713273061893e-12,2.8881487265146255e-12,2.7841858142890863e-12,2.618301956036634e-12,3.110176387173511e-13,3.099120586781847e-09,3.146044435168925e-09,3.362306846632235e-09,3.2024906228610023e-09,0.8470119186549501,1.6448631932527042,0.6602177278597522,0.9102622190560806,-2.0137607660787333e-06,8.804170405216168e-05,7.751341652408424e-09,-0.07019387418300033,-0.947128472429942,0.02666666666666667,5.816547663623566e-06,-2.106518489566997e-06,8.792392083293245e-05,7.730615854635772e-09,-0.09285498539725187,-0.9196982309939079,0.024,5.8012899560869965e-06,-2.08955214810138e-06,8.903309488231036e-05,7.926891984322478e-09,-0.10084196807420734,-0.930864973190161,0.02666666666666667,5.9484436593765855e-06,-2.0699438012490377e-06,8.83343164160928e-05,0.00020119275927897435,-0.00020119275927897435,7.751341652408424e-09,0.10499207455440711,3.5525242277010123,7.730615854635772e-09,0.1051674544506114,3.597476222179253,7.926891984322478e-09,0.10337559429271934,3.615769715402199,7.802949830455559e-09,0.1045117077659126,3.588590055094155,0.9964471586705583,0.0018049913677984802,0.9989963377722622,0.9950574379453111,1.9627612968670575e-10,8.804783852053252e-11,2,rohith_move_LR_lower_3.edf,rohith,move,LR,lower,3,1,38.74873292061465,0.0
7.417487254651539e-09,7.3180407517506115e-09,6.891168025877949e-09,7.2088986774266995e-09,2.2830823745542072e-10,5.175864818460534e-10,5.114752370332932e-10,4.286122492549313e-10,4.858913227114259e-10,4.057919023601676e-11,5.839032737319584e-10,5.865296473694086e-10,5.692867128488638e-10,5.79906544650077e-10,7.585516033222641e-12,8.041832085901751e-10,8.112530463632136e-10,7.958003396327004e-10,8.037455315286963e-10,6.316127887264486e-12,2.184659453126116e-10,2.25857464421021e-10,2.2102001419589668e-10,2.217811413098431e-10,3.0651943435051142e-12,1.9302223012886564e-11,1.9153615831580948e-11,1.9790305432404525e-11,1.9415381425624012e-11,2.719644973511132e-13,8.977025113413261e-09,8.885780115399718e-09,8.356390934393885e-09,8.739732054402289e-09,1.8022710987967905,1.857256733084989,0.6416459515914442,2.49791568121525,-4.92646087184413e-07,0.0001840507767105405,3.3874688407753234e-08,1.8196329056171687,4.492252324050706,0.025333333333333333,2.5406198330940335e-05,-4.02197697391804e-07,0.00018428546566874934,3.396113285674779e-08,1.7968531775066756,4.387950138083136,0.02266666666666667,2.547097096480169e-05,-2.0372592867082493e-07,0.0001850105831106477,3.422891586294188e-08,1.9031792206496414,4.819559173769299,0.025333333333333333,2.5671718025396917e-05,-3.661899044156818e-07,0.00018444943372978372,0.0007218673895173114,-0.0003123895202832961,3.3874688407753234e-08,0.08541865869562983,4.930524597949119,3.396113285674779e-08,0.0852208293899018,4.940487040756004,3.422891586294188e-08,0.08504102311096408,4.9929980509170395,3.402157904248097e-08,0.08522683706549856,4.954669896540721,0.9988813197286218,0.000568485682452441,0.9996804485036972,0.9984055394807595,3.542274551886442e-10,1.5079694632103352e-10,2,rohith_move_LR_straight_1.edf,rohith,move,LR,straight,1,1,49.44692073342802,0.0
1.6636321768980377e-09,1.750777171118097e-09,1.5480323413393487e-09,1.654147229785161e-09,8.304151438408766e-11,1.280516777164571e-09,1.278411608757846e-09,1.3451354034065175e-09,1.301354596442978e-09,3.0969632731534395e-11,8.934623083143113e-10,8.86476367561359e-10,8.793015080455043e-10,8.864133946403915e-10,5.7812939874992295e-12,1.0157223701220247e-09,1.0065732900146778e-09,1.0038592529353307e-09,1.0087183043573446e-09,5.075050229241937e-12,3.7226311408236924e-10,3.665737790126645e-10,3.836304240006545e-10,3.741557723652294e-10,7.0907875017913425e-12,1.2571100348455646e-11,1.1980788398185616e-11,1.3219985369538654e-11,1.2590624705393304e-11,5.06088387430501e-13,4.3447055386154535e-09,4.414316637301467e-09,4.293877407051388e-09,4.350966527656103e-09,1.8699904499591329,3.3229400983579054,0.7994878160774412,2.127933915824071,1.1052360774392716e-06,8.83325386638208e-05,7.802637386795397e-09,0.09470983818312367,-0.4578613427030951,0.050666666666666665,5.852894200186703e-06,1.412956463869762e-06,9.037811809906031e-05,8.168204231127693e-09,0.06528429498733637,-0.4551465944162927,0.048,6.127650507822363e-06,1.4442039754336915e-06,8.577078861011895e-05,7.356628178801711e-09,0.17204263249669816,-0.27455177854733526,0.056,5.519035427943277e-06,1.320798838914241e-06,8.818076129157367e-05,0.0002643086735394097,-0.00023257526174238357,7.802637386795397e-09,0.17396643294158182,2.1054378158845806,8.168204231127693e-09,0.17020964153046872,2.146506709559493,7.356628178801711e-09,0.17820485143779355,2.0549591402485476,7.775823265574934e-09,0.17412697530328136,2.1023012218975405,0.9944782999949924,0.002846818132745324,0.9974196764869824,0.99062689999184,8.11576052325982e-10,3.318666097494349e-10,1,rohith_move_LR_straight_2.edf,rohith,move,LR,straight,2,1,-55.16546492716123,0.0
1.4912689638968434e-09,1.500825144369041e-09,1.4555427905111014e-09,1.482545632925662e-09,1.9488377222565147e-11,1.1167623332028003e-09,1.1203202211520246e-09,1.0648771159585477e-09,1.100653223437791e-09,2.5339192850070298e-11,4.814291177585656e-10,5.031986604985351e-10,4.6011371565832966e-10,4.815804979718102e-10,1.7589680780647283e-11,5.139678148803509e-10,5.367854971666825e-10,4.936731719067578e-10,5.14808827984597e-10,1.7610576833454785e-11,3.0698632920554785e-10,3.155854142575301e-10,2.9938078408275553e-10,3.073175091819445e-10,6.619656079076328e-12,1.459223675734505e-11,1.5378652935713876e-11,1.3704765497616156e-11,1.4558551730225028e-11,6.83776669020129e-13,3.443577677942888e-09,3.488894929880994e-09,3.3271786279567783e-09,3.4198837452602203e-09,1.1819329537519103,2.68237540354364,0.78312438672573,1.2635320191479846,2.9607015072879556e-06,8.821023421312432e-05,7.781045419934249e-09,0.1494590315683549,-0.10165240028112832,0.04666666666666667,5.842358380012129e-06,2.2836919536668303e-06,8.793498434693952e-05,7.732561472096498e-09,0.14159424066936316,-0.19130501256364552,0.04133333333333333,5.803332540776805e-06,2.0285260699293613e-06,8.790248526432093e-05,7.726846915644157e-09,0.11349642355735871,-0.2880460235657267,0.03866666666666667,5.798221375245405e-06,2.4243065102947166e-06,8.801688842087488e-05,0.0002672669759830199,-0.00021340956873607182,7.781045419934249e-09,0.15599750968257187,3.0556955585462857,7.732561472096498e-09,0.15859372661258286,3.0273610562908764,7.726846915644157e-09,0.15642552764822246,3.068731132802247,7.746817935891634e-09,0.15700558798112574,3.050595915879803,0.9949300077843497,0.001469950804218062,0.9963043493378925,0.9928920883185595,5.4198504290091614e-11,2.431466686011146e-11,0,rohith_move_LR_straight_3.edf,rohith,move,LR,straight,3,1,-0.15867680310329835,0.0
2.412687840201943e-08,2.3514379846972444e-08,2.3083893937234855e-08,2.3575050728742246e-08,4.279523847084987e-10,8.880053012976981e-10,9.044519098178949e-10,8.784136368667426e-10,8.902902826607785e-10,1.0752170926279534e-11,1.1346713604036875e-09,1.148230249043478e-09,1.176515070797085e-09,1.1531388934147503e-09,1.7431678386285637e-11,1.417822993942333e-09,1.4394834042819268e-09,1.4589851120960571e-09,1.4387638367734388e-09,1.681206562313193e-11,2.772306769293496e-10,2.813880005115769e-10,2.9462938785415004e-10,2.844160217650255e-10,7.418691259006759e-12,1.9274385563321235e-11,1.7965840299441934e-11,2.0344601127775505e-11,1.919494233017956e-11,9.727484053178246e-13,2.6729211759752123e-08,2.6157669001883284e-08,2.573626667517958e-08,2.6207715812271662e-08,2.9999586729701893,2.3859530900937957,0.7493621852785776,3.743311327456965,5.675850168977141e-06,0.0002636539932560699,6.951342815987176e-08,-0.5493654287981179,0.033885688033814976,0.024,5.215923257625932e-05,6.1078196577693395e-06,0.00026343023245787575,6.939548737281046e-08,-0.5876716741497472,0.07173226062140658,0.021333333333333333,5.207459462533671e-05,4.320362182364358e-06,0.00026473581633501374,7.008505245056613e-08,-0.5739826200208837,0.05146467917564834,0.024,5.257778848496469e-05,5.3680106697036054e-06,0.00026394172818578566,0.0007406339538539997,-0.0007406339538539997,6.951342815987176e-08,0.06616317070119458,6.124609175788141,6.939548737281046e-08,0.06635552511750639,6.117215743860816,7.008505245056613e-08,0.0663610754146151,6.118606805539977,6.966465599441611e-08,0.06629325707777202,6.120143908396312,0.9986332003240307,0.000853930021757226,0.9998361620540384,0.9979397573462297,6.895650777556643e-10,3.011393836423863e-10,2,rohith_move_LR_upper_1.edf,rohith,move,LR,upper,1,1,-30.888020751551537,0.0
3.3683782960801885e-09,3.375111173049941e-09,3.347170023498954e-09,3.3635531642096942e-09,1.190625557521198e-11,4.637767565903736e-10,4.917651305330387e-10,4.550257353550016e-10,4.701892074928046e-10,1.5669193436890946e-11,4.708367201120322e-10,4.528217931721405e-10,4.674322697685228e-10,4.6369692768423176e-10,7.814473048022922e-12,5.883702798312371e-10,5.72440517749921e-10,5.888853360805145e-10,5.832320445538909e-10,7.633658310647671e-12,2.2760941962688315e-10,2.288235895895491e-10,2.3931660655219685e-10,2.3191653858954304e-10,5.256063581774328e-12,3.6223613074498966e-12,3.70379398561273e-12,3.3914220533932363e-12,3.572525782151954e-12,1.323045494202079e-13,4.651757113436132e-09,4.671844204908062e-09,4.633789123540059e-09,4.652463480628084e-09,1.3972851062704335,2.2392350843233744,0.6786407697860062,1.7574429009551864,7.6283188048067645e-06,7.909162395379284e-05,6.255484979648177e-09,-0.2770207769600238,-0.052224805851142975,0.037333333333333336,4.7352571705769595e-06,7.746051767211249e-06,7.911240881755445e-05,6.2587732289158665e-09,-0.2704668977824929,-0.034404035489610685,0.037333333333333336,4.739080910172137e-06,7.868577165926555e-06,7.83916277703545e-05,6.1452473044858145e-09,-0.2892874359721655,-0.1573463905865835,0.034666666666666665,4.655371358326467e-06,7.747649245981523e-06,7.886599262655991e-05,0.00022414079900256317,-0.00022414079900256317,6.255484979648177e-09,0.14003766420909966,2.6003573506792668,6.2587732289158665e-09,0.1403546690068274,2.5997640015380727,6.1452473044858145e-09,0.1412847598774699,2.5661851366680044,6.2198351710166195e-09,0.14055903103113232,2.5887688296284477,0.997666910923526,0.000910538132940987,0.9984864877109935,0.9963969830327379,1.1352592443005194e-10,5.27586676671835e-11,1,rohith_move_LR_upper_2.edf,rohith,move,LR,upper,2,1,2.204820912434297,0.0
1.3988870445521915e-08,1.4202166078814543e-08,1.4578326940356512e-08,1.4256454488230991e-08,2.4368718113378913e-10,1.3452339607097515e-09,1.344614628434486e-09,1.2880257453111487e-09,1.3259581114851287e-09,2.6823425033410336e-11,4.962243649064332e-10,4.7846198146675e-10,4.617836645750698e-10,4.788233369827511e-10,1.4062678578075673e-11,5.215960205881982e-10,5.020347156410321e-10,4.869088546217763e-10,5.035131969503356e-10,1.419951409807143e-11,8.32712407368417e-11,8.321438158357873e-11,8.975343315534073e-11,8.541301849192038e-11,3.0692244219729934e-12,3.5707061929176066e-12,3.960491378133069e-12,3.6731433709643625e-12,3.734780314005013e-12,1.6498981223883754e-13,1.5942542373749624e-08,1.613599029585178e-08,1.644668811681575e-08,1.6175073595472385e-08,2.5842269607717356,0.8233936051653776,0.7932849356156225,2.7173967737105045,1.1712064074825328e-05,0.00014591405789133438,2.1290912290315682e-08,-0.38109075351271066,-0.6937536552208909,0.021333333333333333,1.607106355140637e-05,1.1821528688339251e-05,0.00014705042976245124,2.1623828893321604e-08,-0.3742664080956682,-0.7062988913387884,0.021333333333333333,1.632268307538812e-05,1.183656293012678e-05,0.00014760616149044626,2.17875789099437e-08,-0.32355198255749196,-0.7115683869631866,0.02666666666666667,1.6445762348956914e-05,1.1790051897763789e-05,0.00014685858200975293,0.0003264143048005346,-0.0003264143048005346,2.1290912290315682e-08,0.07636555259285643,4.437430493939721,2.1623828893321604e-08,0.07589558266337382,4.47068148705534,2.17875789099437e-08,0.07557840702184568,4.553098676570893,2.156744003119366e-08,0.07594651409269197,4.487070219188651,0.9985029554228849,0.0007823513685376347,0.9995960330033553,0.9978081042997718,4.966666196280172e-10,2.0664657524743937e-10,2,rohith_move_LR_upper_3.edf,rohith,move,LR,upper,3,1,55.93372231005704,0.0
1.0054264530810466e-08,1.0215521576391362e-08,8.843135985253804e-09,9.704307364151877e-09,6.124884034615278e-10,2.8662403989633532e-09,2.7291724356550387e-09,2.6460121411808517e-09,2.747141658599748e-09,9.080121552566163e-11,8.387507975468119e-10,8.732912496126387e-10,8.520125781880683e-10,8.546848751158396e-10,1.4227123986258368e-11,9.958619371847434e-10,1.0355584139155108e-09,1.0267280505720242e-09,1.019382800557426e-09,1.7017972647406302e-11,2.2600010014662092e-10,2.209709660405975e-10,2.339382635652722e-10,2.2696977658416352e-10,5.338096138044134e-12,6.492057679591936e-12,6.893312092149953e-12,7.091783620205832e-12,6.825717797315907e-12,2.494588041900433e-13,1.4148859024784774e-08,1.4208116704094661e-08,1.2756906224192147e-08,1.3704627317690528e-08,2.615013819701383,2.12463347616071,0.7635347370050173,3.118575052502227,-2.185736058407023e-06,0.00014680948966088646,2.155302625448993e-08,-0.25655984413973565,-0.375532601141515,0.028,1.6168352772455214e-05,-2.806393081705822e-06,0.00014912218472672983,2.2237425977672932e-08,-0.27236354950383695,-0.40096895902305185,0.030666666666666665,1.6683976364851486e-05,-3.3866134744273737e-06,0.00014351494934135677,2.05965406844522e-08,-0.3179250212806117,-0.3620346411991444,0.030666666666666665,1.5456007376458032e-05,-2.792914204846742e-06,0.00014650109697247936,0.0004034588774755431,-0.0004034588774755431,2.155302625448993e-08,0.1062527716970305,3.876748792345913,2.2237425977672932e-08,0.10586498885349958,3.9301423692213975,2.05965406844522e-08,0.10868419246386266,3.8462789917113342,2.146233097220502e-08,0.10693398433813091,3.8843900510928813,0.9926726542278205,0.003989851188171744,0.9971659599592333,0.9874703252197276,1.6408852932207315e-09,6.729513910373102e-10,1,rohith_move_RL_lower_1.edf,rohith,move,RL,lower,1,0,17.224656020837195,0.0
2.6998682271437336e-09,2.60527593148477e-09,2.790941608170691e-09,2.6986952555997314e-09,7.580223291122996e-11,3.45547318695774e-10,3.4497073903888043e-10,3.4795064797206206e-10,3.461562352355722e-10,1.290490559656482e-12,1.8841051096782887e-10,1.9847705305635788e-10,2.0086779549875961e-10,1.9591845317431545e-10,5.397889061996504e-12,2.0888553707760933e-10,2.2028266333842074e-10,2.2081784510479723e-10,2.1666201517360912e-10,5.503139320057149e-12,2.2459540523891634e-10,2.2449647943408427e-10,2.1955529094481753e-10,2.2288239187260604e-10,2.3529622488094752e-12,5.278482195755665e-12,5.466097052933075e-12,5.5394851019495365e-12,5.4280214502127584e-12,1.0990281434764159e-13,3.484174970351789e-09,3.4004919103490857e-09,3.584804877294317e-09,3.4898239193317306e-09,0.6068929708820219,2.114090914743921,0.6185912574051574,0.6711288270949755,1.6491000116680167e-06,0.00010090010841158091,1.0180831877468783e-08,-0.9354432910994915,1.4772481405560765,0.028,7.637663556237951e-06,1.5843386675246859e-06,9.957812977953638e-05,9.91580393039019e-09,-0.9388193204485623,1.500164727843071,0.028,7.438735544552702e-06,1.8565916226530449e-06,9.923015515388595e-05,9.84662369186428e-09,-0.9215862064103305,1.447882817001327,0.028,7.387552968238188e-06,1.6966767672819143e-06,9.990545523290266e-05,0.0003349076413307032,-0.0003349076413307032,1.0180831877468783e-08,0.10213384911163201,3.848933312941862,9.91580393039019e-09,0.10351316154967408,3.8137597275549524,9.84662369186428e-09,0.1044952726498346,3.770879515370109,9.98108649990775e-09,0.10338076110371357,3.8111908519556414,0.9987804364639508,0.000583825525102137,0.999456378455774,0.9980318498528846,3.342081856045031e-10,1.4403735220045031e-10,0,rohith_move_RL_lower_2.edf,rohith,move,RL,lower,2,0,4.370328837856711,0.0
6.583459514730793e-09,6.502953969337908e-09,7.50945283397807e-09,6.865288772682257e-09,4.566769749020914e-10,7.165535723737139e-10,7.25352522387876e-10,6.281043472333628e-10,6.900034806649842e-10,4.3916454167940196e-11,1.5218856528675448e-10,1.6806192246112437e-10,1.4737308406430947e-10,1.558745239373961e-10,8.83918272741926e-12,1.7053297575852588e-10,1.872251219763832e-10,1.619696927991021e-10,1.7324259684467038e-10,1.0486998634977323e-11,2.762123305627634e-10,2.6397194453898097e-10,2.828848136223397e-10,2.7435636290802803e-10,7.831884242957736e-12,4.471707976090773e-12,6.0227285243616715e-12,5.0189883525504556e-12,5.171141617667633e-12,6.4227675621132e-13,7.751230101401889e-09,7.685526286765507e-09,8.58743067598543e-09,8.008062354717608e-09,0.4170581425791972,2.6091058209257105,0.5700770970111203,0.46356938121298114,2.3444350461652996e-06,0.00012434031688950283,1.5460514404181983e-08,-0.39074796846266563,0.14984360928627583,0.03866666666666667,1.1599508084900755e-05,2.4589246670260235e-06,0.00012398287802251528,1.5371754042745903e-08,-0.3907270004464759,0.13398398466835504,0.036,1.153335026494801e-05,1.7509538095410473e-06,0.0001277540729341713,1.6321103151269567e-08,-0.39377350762849683,-0.023859718151783227,0.03333333333333333,1.2243126742884535e-05,2.184771174244126e-06,0.0001253709967102878,0.0003169442755246142,-0.0003169442755246142,1.5460514404181983e-08,0.08323643333664851,4.62450867490001,1.5371754042745903e-08,0.08326601247495871,4.64750222556683,1.6321103151269567e-08,0.08124267748895925,4.765683913371155,1.5717790532732483e-08,0.08258170776685549,4.6792316046126645,0.9966075433137142,0.0019057018744222196,0.9992137463838631,0.994710027260711,9.49349108523664e-10,4.2814264539217876e-10,2,rohith_move_RL_lower_3.edf,rohith,move,RL,lower,3,0,0.2854377890406976,0.0
3.843423319733084e-08,3.6806255302612636e-08,3.206119672623345e-08,3.576722840872564e-08,2.703526231936075e-09,7.910836406648282e-09,7.9369284550288e-09,7.712591818951047e-09,7.853452226876044e-09,1.0017131870873354e-10,8.178339396838965e-09,8.219912236000522e-09,8.260474492174603e-09,8.219575375004697e-09,3.3532358282177444e-11,8.371571652700403e-09,8.406072420865036e-09,8.447227607257697e-09,8.40829056027438e-09,3.0926212957331176e-11,3.089290024029413e-10,3.0294380784647405e-10,2.645575762503246e-10,2.9214346216658004e-10,1.965861074793408e-11,6.258015907522318e-12,6.0351137761057655e-12,5.0716219858223255e-12,5.78825055648347e-12,5.148389529832841e-13,5.503182827499001e-08,5.345823510012904e-08,4.849064535067835e-08,5.232690290859914e-08,21.019320917377183,2.7607467516031097,0.9660650656132462,21.501589649912514,4.8048274828768854e-06,0.00030541903522290036,9.328078707648724e-08,0.1127663797603505,-0.6428026261960662,0.022696929238985315,6.988460120927697e-05,4.806992802761685e-06,0.00030382931640902684,9.231225350957653e-08,0.10613082307899149,-0.6259106457994985,0.022696929238985315,6.915918515634737e-05,4.359280807860014e-06,0.00029862122298799217,8.917463481884413e-08,0.14955063013159395,-0.5415710968229228,0.025367156208277702,6.680603497285641e-05,4.657033697832868e-06,0.0003026371911450119,0.0007190730041686315,-0.0005602190762413998,9.328078707648724e-08,0.08478632270787105,4.981733789489699,9.231225350957653e-08,0.08518884366175841,4.968315364690548,8.917463481884413e-08,0.08638694875909407,4.910810961345948,9.15892251349693e-08,0.08545403837624117,4.953620038508731,0.9981860084539877,0.0010151169888464792,0.9994112860802895,0.9969255156407486,4.106152257643116e-09,1.7525598636665355e-09,0,rohith_move_RL_straight_1.edf,rohith,move,RL,straight,1,0,0.0,0.0
7.165586259473176e-09,6.867954366124905e-09,7.405283620025862e-09,7.146274748541314e-09,2.1978835670601117e-10,7.458340898622115e-10,7.735836713116888e-10,7.126142391247652e-10,7.440106667662219e-10,2.4924038853273218e-11,5.698635295173669e-10,5.697672134077282e-10,5.659219639018666e-10,5.685175689423206e-10,1.8357910815715796e-12,6.160600585115559e-10,6.147503858857857e-10,6.089586750741524e-10,6.132563731571646e-10,3.085608228125997e-12,1.156882442547546e-10,1.1646096100918125e-10,1.1483221063940607e-10,1.1566047196778064e-10,6.652244817621202e-13,4.874958585002286e-12,4.795200053191015e-12,5.348652415211779e-12,5.006270351135028e-12,2.44280527536499e-13,8.648043610686698e-09,8.377544584384747e-09,8.8470373972794e-09,8.624208530783614e-09,2.636171757716084,1.1014822531668933,0.7970771611057009,2.8436120844726958,8.247496863656697e-06,0.00011718393136466343,1.373207377007815e-08,-0.2237042916803454,-0.06719668022830305,0.034666666666666665,1.035007123094563e-05,8.681074777126648e-06,0.00011780679734155571,1.3878441499874378e-08,-0.1170156003106327,0.004244118151762066,0.04,1.0465351919370333e-05,7.711455913120747e-06,0.00011652471083254265,1.3578008234607682e-08,-0.33371298091268864,-0.2792482023918539,0.032,1.0228106090180765e-05,8.21334251796803e-06,0.00011717365365802149,0.0003250718274836612,-0.0003250718274836612,1.373207377007815e-08,0.09183164223424636,4.129761926612982,1.3878441499874378e-08,0.09187474131741151,4.148152287796339,1.3578008234607682e-08,0.09251400709812116,4.111614304751593,1.3729507834853402e-08,0.09207346354992633,4.129842839720305,0.9969565463374174,0.001771217960900334,0.9990047955526371,0.9946836919905173,3.004332652666962e-10,1.2266478640964422e-10,1,rohith_move_RL_straight_2.edf,rohith,move,RL,straight,2,0,-47.791447133905564,0.0
2.1224977384492087e-09,2.0975315201074793e-09,2.0762296377546985e-09,2.098752965437129e-09,1.8908608832827568e-11,7.162144790341453e-10,7.18959806556706e-10,6.136851038140685e-10,6.829531298016398e-10,4.899271220608692e-11,2.4177827746746977e-10,2.2687780759016799e-10,2.2684512826832178e-10,2.3183373777531987e-10,7.031864108047885e-12,2.575919624314538e-10,2.4103289506991767e-10,2.4380085004366334e-10,2.4747523584834494e-10,7.242306780403011e-12,1.645884494736218e-10,1.7194316248999122e-10,1.746185087949212e-10,1.703833735861781e-10,4.240694012819142e-12,2.606570419047903e-12,3.3050447326603445e-12,3.037433296011006e-12,2.9830161492397513e-12,2.8773542371553313e-13,3.263499199807478e-09,3.2327724289567553e-09,3.1113715337033622e-09,3.202547720822532e-09,0.8580370670937416,1.6544014529441196,0.6670703606697824,0.9158909218500145,-6.89264751071915e-06,8.630270519183615e-05,7.448156923428981e-09,-0.8313321007699717,0.6043708839177189,0.044,5.621749134852003e-06,-6.910609090026649e-06,8.642354211790394e-05,7.469028632205116e-09,-0.847237959151647,0.758884186409134,0.044,5.637588862650204e-06,-6.7421906891719325e-06,8.472138376227154e-05,7.177712866594089e-09,-0.8206539584067948,0.5825602128891658,0.04133333333333333,5.417377501412435e-06,-6.848482429972577e-06,8.581941414085469e-05,0.00030851693224739793,-0.00030851693224739793,7.448156923428981e-09,0.11699900943783458,3.0953424624136394,7.469028632205116e-09,0.11729273049682755,3.1437550393559803,7.177712866594089e-09,0.11761512901483823,3.113228044766038,7.364966140742728e-09,0.11730228964983345,3.1174418488452194,0.9957041283519086,0.0017128056772453759,0.9981258158305696,0.9944471625053181,2.9131576561102616e-10,1.3268194694166962e-10,1,rohith_move_RL_straight_3.edf,rohith,move,RL,straight,3,0,48.53676322057488,0.0
3.2500465841300318e-09,2.901261221383542e-09,2.2877585232106957e-09,2.8130221095747567e-09,3.9777647298164535e-10,1.9035744581202063e-09,1.8454143070901665e-09,1.8463637753307827e-09,1.8651175135137186e-09,2.7195928786429762e-11,2.0700681595007106e-09,2.074377266213379e-09,2.029913797625403e-09,2.0581197411131642e-09,2.0022046785004616e-11,2.3676811385711435e-09,2.366299295438999e-09,2.331857168145909e-09,2.3552792007186838e-09,1.6571483136009315e-11,1.8287382321240688e-10,1.776408906345296e-10,1.8945859059672898e-10,1.8332443481455516e-10,4.8350660947660806e-12,8.957931471175154e-12,8.921811794225755e-12,8.673994687267703e-12,8.85124598422287e-12,1.2620003821961642e-13,7.713133935504962e-09,7.2995375263414655e-09,6.664112051971383e-09,7.225594504605936e-09,7.267408805050519,1.6842194981174157,0.8382261218681643,8.316300134965546,-8.232453033213855e-06,0.00010714183098808423,1.1479371947479208e-08,-0.22494332612430615,-0.33244193941490874,0.037333333333333336,8.66035892281746e-06,-8.617447006871257e-06,0.0001047027030154504,1.0962656018741606e-08,-0.23573837440411513,-0.22268209922781423,0.037333333333333336,8.27768730874338e-06,-7.141683983313132e-06,9.796916861001988e-05,9.597957998138504e-09,-0.25628186892882143,-0.39112455296409365,0.037333333333333336,7.2367212361920106e-06,-7.99719467446608e-06,0.00010334595286762677,0.00031908657285269687,-0.00031908657285269687,1.1479371947479208e-08,0.1646598764485552,2.6625913549390994,1.0962656018741606e-08,0.1687558554379692,2.6256931560779266,9.597957998138504e-09,0.1711742965946263,2.445090558288229,1.0679995321453107e-08,0.16819667616038356,2.5777916897684183,0.9903028980222812,0.005301668025569072,0.9976008498553897,0.9851651474212182,1.881413949340705e-09,7.936634108307135e-10,0,rohith_move_RL_upper_1.edf,rohith,move,RL,upper,1,0,23.20650342746415,0.0
3.747922962430677e-09,3.8618232436972775e-09,3.61445875571407e-09,3.7414016539473415e-09,1.0109135497838806e-10,2.1550936689499176e-10,2.0947829789750219e-10,2.3224692213814218e-10,2.1907819564354536e-10,9.631717272644647e-12,1.251492389772357e-10,1.2017835793664e-10,1.2824070891057617e-10,1.245227686081506e-10,3.321116744835346e-12,1.5533128247986283e-10,1.4880001448583953e-10,1.6133139985377994e-10,1.5515423227316075e-10,5.117448250298688e-12,1.579731757679674e-10,1.6382308766711203e-10,1.5947612857363268e-10,1.604241306695707e-10,2.480510469959173e-12,6.9804621917713575e-12,7.136464766440296e-12,7.003164024475441e-12,7.040030327562365e-12,6.881639365396942e-14,4.2837172497652715e-09,4.391061108514175e-09,4.174516370304101e-09,4.2830982428611824e-09,0.4782935442812852,1.4987160678768328,0.4879657152129276,0.5959647908627724,-2.6837773593268676e-06,8.438558083133348e-05,7.1209262522415165e-09,-0.2874393724345326,0.15950995801603662,0.028,5.346096684866963e-06,-2.66557894576049e-06,8.470960788071067e-05,7.17571766730376e-09,-0.27146412891474764,0.08902671371084425,0.025333333333333333,5.387117233814881e-06,-2.6229117968221013e-06,8.300396709072759e-05,6.889658552798588e-09,-0.29254473307345835,0.16396515340263074,0.025333333333333333,5.172403664319372e-06,-2.657422700636486e-06,8.403631045454641e-05,0.0002701368601161739,-0.0002701368601161739,7.1209262522415165e-09,0.11496822062398851,3.4035098007085165,7.17571766730376e-09,0.11445641891670057,3.4272163138406064,6.889658552798588e-09,0.11780803645660465,3.3296555327530264,7.0621008241146215e-09,0.11574422533243124,3.3867938824340498,0.9979038709273071,0.001000545456325159,0.9987882292460405,0.9965050990707465,2.860591145051719e-10,1.2396982830136567e-10,1,rohith_move_RL_upper_2.edf,rohith,move,RL,upper,2,0,-24.246805303956165,0.0
4.3870654540453235e-09,4.291629068550522e-09,4.1904509987992006e-09,4.2897151737983486e-09,8.027892312753171e-11,7.425009656744758e-10,7.699311071804244e-10,7.066759578422552e-10,7.397026768990518e-10,2.5899501854945917e-11,1.6014281727764787e-10,1.612959548587661e-10,1.5343711497428273e-10,1.5829196237023222e-10,3.4650241941161134e-12,1.8075925960689228e-10,1.8206447224993566e-10,1.76607684399118e-10,1.7981047208531532e-10,2.326554209273575e-12,1.3950642310399594e-10,1.4683084563755596e-10,1.4187561406835481e-10,1.4273762760330224e-10,3.0516762457546575e-12,2.402417876408011e-12,3.016841126608723e-12,3.508571066804856e-12,2.9759433566071967e-12,4.525101773069883e-13,5.452234520307095e-09,5.393472334745046e-09,5.219118826175732e-09,5.354941893742625e-09,0.6521560460119981,1.3861032538406652,0.5656476362244908,0.740827696627358,3.082088630114462e-06,0.00011887400134141789,1.4131028194919424e-08,-0.45854404350220834,0.17134737638114483,0.032,1.0605395598932477e-05,3.1398773715904522e-06,0.0001184585848641461,1.4032436328016102e-08,-0.47331735364053995,0.17335894824962628,0.029333333333333333,1.0531721368443547e-05,2.9209425004303942e-06,0.00011803973057851954,1.393337799504948e-08,-0.4499261280170231,0.1698040396323468,0.029333333333333333,1.0456432425105224e-05,3.047636167378436e-06,0.00011845796478734864,0.0003272493613546418,-0.0003272493613546418,1.4131028194919424e-08,0.07648397977642817,4.6962597545360705,1.4032436328016102e-08,0.07837854980453952,4.675792934363692,1.393337799504948e-08,0.07660035614629784,4.78097788122985,1.4032280839328335e-08,0.07715429524242184,4.717676856709871,0.9978219698153429,0.0009646344222383081,0.9991783978640727,0.997017832940332,1.976501998699429e-10,8.0690431112601e-11,0,rohith_move_RL_upper_3.edf,rohith,move,RL,upper,3,0,37.09064168932859,0.0
1.140357083550401e-08,1.1260285863480485e-08,9.787273643130332e-09,1.0817043447371609e-08,7.305030381398305e-10,3.750651764403228e-09,3.863665510276026e-09,3.2628053056536173e-09,3.6257075267776235e-09,2.6072532578891425e-10,1.505894206062938e-09,1.5104105105568902e-09,1.5788645839250243e-09,1.5317231001816175e-09,3.338501528847877e-11,1.5869033890634642e-09,1.592676394159042e-09,1.6450397045358224e-09,1.6082064959194429e-09,2.6151428765196155e-11,2.4391410657503054e-10,2.3755554913746246e-10,2.810609855992523e-10,2.5417688043724845e-10,1.9186351849565268e-11,8.724855778296149e-12,9.005685333513338e-12,1.077130401634782e-11,9.500615042719102e-12,9.057976818057748e-13,1.699376495132403e-08,1.6963189002386544e-08,1.498695094293538e-08,1.631463496554865e-08,4.332195002531206,2.320003568224547,0.896597042017771,4.549835490171078,5.691970666896376e-06,0.0001441921504256831,2.079137624438282e-08,-1.1944090720734029,1.6126958206297592,0.03333333333333333,1.5617831080841722e-05,5.574961855379295e-06,0.00014393816437252512,2.0718195162932058e-08,-1.1812148196566388,1.6005265463297649,0.03333333333333333,1.556195652196574e-05,7.179155922675671e-06,0.0001366063285789447,1.8661289007818607e-08,-1.2072938529001211,2.2831140516025723,0.04666666666666667,1.4034621965685523e-05,6.148696148317116e-06,0.00014162445649402544,0.0004997432434577244,-0.0004997432434577244,2.079137624438282e-08,0.12064866091902718,2.783873330468802,2.0718195162932058e-08,0.1208501775813346,2.7687064601761104,1.8661289007818607e-08,0.1278598476118356,2.6804279632859904,2.005695347171116e-08,0.12311956203739911,2.7443359179769673,0.9733085726736954,0.018625819592299416,0.9996359213891558,0.9594136217347469,2.1300872365642132e-09,9.87335923753054e-10,0,rohith_watch_LR_lower_1.edf,rohith,watch,LR,lower,1,1,35.96793410749823,0.0
1.431197338939604e-08,3.736426395835913e-09,3.8112005350538815e-09,7.2865334400952785e-09,4.96783001949525e-09,6.294351748230627e-10,4.857011445287913e-10,4.448716193645408e-10,5.200026462387983e-10,7.915542207389178e-11,2.4307365266367785e-10,1.9874938431986588e-10,1.7455241274211114e-10,2.0545848324188497e-10,2.837309860127259e-11,2.570201974645714e-10,2.1697514269632871e-10,1.9195816873629565e-10,2.219845029657319e-10,2.679660629372373e-11,1.6572715416918145e-10,1.40797366514613e-10,1.399175127738201e-10,1.4881401115253818e-10,1.1964791143945871e-11,5.723897335894931e-12,4.734310431636599e-12,5.094645559205157e-12,5.184284442245562e-12,4.0893920272207193e-13,1.536987981318875e-08,4.584634360007279e-09,4.593042481487746e-09,8.182518884894592e-09,0.8225603388245881,1.4144078049499733,0.6352422594794727,0.8894678608293275,2.401830553008891e-06,0.00014490603011058822,2.0997757562410695e-08,0.3792046282827616,-0.47025876254413124,0.02266666666666667,1.5752644764312048e-05,6.282654256124173e-06,8.747470666770345e-05,7.651824306600762e-09,0.24318491741807086,-0.7780279291229881,0.02,5.7684720383270686e-06,6.4495962322248685e-06,8.723980113819326e-05,7.610782902631504e-09,0.3095764931520901,-0.7407089363897721,0.02,5.7392851456426744e-06,5.044693680452646e-06,0.00010995583324638468,0.000367176246388563,-0.0002764953162385935,2.0997757562410695e-08,0.07230414804025503,4.931268209370981,7.651824306600762e-09,0.1054814772071473,3.4109905235329103,7.610782902631504e-09,0.10542753053243256,3.4462315732806115,1.208678825721432e-08,0.09440438525994495,3.9294967687281677,0.9479449719865908,0.03498698474645479,0.9973113118460074,0.920370951120494,1.3386974659779191e-08,6.301029099431505e-09,0,rohith_watch_LR_lower_2.edf,rohith,watch,LR,lower,2,1,11.642025824839237,0.0
3.210195603420091e-09,2.8616207225984326e-09,3.164226786649199e-09,3.0786810375559076e-09,1.5462787216606548e-10,7.494296100745127e-10,7.095988204582708e-10,7.506802623289273e-10,7.365695642872371e-10,1.9078029244502763e-11,3.277073210306637e-10,3.7872990889246767e-10,3.87451711975105e-10,3.646296472994121e-10,2.6349713408625007e-11,3.78051534892008e-10,4.3335905081263583e-10,4.390429590141899e-10,4.168178482396113e-10,2.750996172339932e-11,2.4023221522515143e-10,2.323168855513083e-10,2.434792277760612e-10,2.3867610951750693e-10,4.687968267501257e-12,3.780492030383512e-12,3.699557503519048e-12,4.222967144409611e-12,3.9010055594373905e-12,2.3004643887421506e-13,4.581689455642145e-09,4.240595036924165e-09,4.601652202912788e-09,4.474645565159699e-09,1.0769576570283463,2.2970789863533323,0.7047892196334874,1.2311445907058254,1.8994993395901675e-06,7.225098832274121e-05,5.220205313612886e-09,-0.736683551276189,0.1707536496026072,0.02666666666666667,3.917860058515492e-06,1.4006143754023992e-06,7.05380666892626e-05,4.9756188522588585e-09,-0.6300507662514786,0.15045312820012846,0.032,3.733185429665581e-06,2.1942631508722032e-06,7.324804169477693e-05,5.36527561211978e-09,-0.6707059559566839,0.30820133801118077,0.032,4.027567802171291e-06,1.8314589552882566e-06,7.202180609931452e-05,0.0002106761011260737,-0.0002106761011260737,5.220205313612886e-09,0.1433593769348342,2.292271378620461,4.9756188522588585e-09,0.14790874196126272,2.2240881618247363,5.36527561211978e-09,0.14213369787782693,2.3061303714830856,5.187033259330508e-09,0.14446727225797462,2.2741633039760942,0.9903645445712635,0.002141697343821148,0.9933562535560835,0.9884593500229021,3.896567598609213e-10,1.6079673818273947e-10,2,rohith_watch_LR_lower_3.edf,rohith,watch,LR,lower,3,1,9.085532162516596,0.0
5.699303705008845e-09,5.59263201494243e-09,4.220489664153867e-09,5.1708084613683805e-09,6.733865034880717e-10,7.601446094440082e-10,7.48028246547818e-10,9.32032817392654e-10,8.134018911281601e-10,8.40304471099093e-11,1.2301541440614824e-09,1.2420088923005323e-09,1.1491195724940556e-09,1.2070942029520235e-09,4.127894617926724e-11,1.4967464784558257e-09,1.5043126453653858e-09,1.4127411219081322e-09,1.4712667485764478e-09,4.1498983546709736e-11,3.073032985671222e-10,3.0858633514840874e-10,3.758948494016891e-10,3.3059482770573997e-10,3.203623490109623e-11,1.2014161325955471e-11,1.2955206657795722e-11,2.322788950923158e-11,1.6065752497660927e-11,5.078946512058531e-12,8.275512252801753e-09,8.166514448661845e-09,6.964386342365572e-09,7.80213768127639e-09,2.824887403452793,2.841924018587932,0.7680697252074692,3.4417067988054093,7.65645505421138e-06,0.00011579874648800033,1.3409349688192167e-08,0.42356975718203066,-0.33855367083532384,0.037333333333333336,1.0100978244141996e-05,7.700429846408854e-06,0.00011516363923356041,1.3262663801517653e-08,0.43451958166187615,-0.3418057093475051,0.037333333333333336,9.99147031600284e-06,7.433738086748925e-06,0.00010913190646357575,1.1909773008374647e-08,0.3998284648831226,-0.16294412017260695,0.05466666666666667,8.973775102737773e-06,7.5968743291230514e-06,0.00011340462569214421,0.00032484552258784066,-0.00022152186123359553,1.3409349688192167e-08,0.14045410135830377,2.6408337405107556,1.3262663801517653e-08,0.14163291353029234,2.626587651101029,1.1909773008374647e-08,0.15806938389304823,2.4870114004804567,1.2860595499361488e-08,0.14671879959388145,2.584810930697414,0.977481076974179,0.015567587157337668,0.9994969620452566,0.9664570641311768,1.4995766798175202e-09,6.749946885530234e-10,0,rohith_watch_LR_straight_1.edf,rohith,watch,LR,straight,1,1,49.216502460911386,0.0
3.493527737448333e-09,3.0848514234292694e-09,3.1336041706090355e-09,3.2373277771622126e-09,1.8225078386178167e-10,2.333731156042534e-10,2.2881469549796605e-10,2.2054055738612827e-10,2.275761228294492e-10,5.311571286464438e-12,1.03025364336759e-10,9.379130186193406e-11,1.1765069678684986e-10,1.048224543285143e-10,9.823096282897931e-12,1.0656042607115683e-10,9.807101720334064e-11,1.2326770329086457e-10,1.0929971552178735e-10,1.0467283234569741e-11,1.379348827240932e-10,1.4111856220894495e-10,1.3686828270632714e-10,1.3864057587978842e-10,1.8054955155652987e-12,2.9673118632299167e-12,3.05462819802191e-12,3.2249711984870027e-12,3.0823037532462764e-12,1.0699387997766845e-13,3.974363473711068e-09,3.5559103265375407e-09,3.6175056851908446e-09,3.7159264951464844e-09,0.43955826725075564,1.3449592777298742,0.4997462825577476,0.45833170631031056,-7.762863274000663e-06,8.734634887397218e-05,7.62938466161366e-09,-0.2076042781959346,-0.23115076613862362,0.028,5.767235030868366e-06,-7.442209447035127e-06,8.24062013983376e-05,6.79078202890338e-09,-0.2947041250674433,-0.0731030515420188,0.02266666666666667,5.134626382767688e-06,-7.830706983110683e-06,8.2691178740597e-05,6.837831041509362e-09,-0.3427517170199717,-0.008590085277151438,0.030666666666666665,5.174363260023526e-06,-7.67859323471549e-06,8.417854803799174e-05,0.0002446240589260668,-0.0002446240589260668,7.62938466161366e-09,0.09235871174175633,4.023026403966351,6.79078202890338e-09,0.09713451313229975,3.8606975687514935,6.837831041509362e-09,0.0971896760140201,3.8297614731516054,7.0859992440088014e-09,0.09556096696269205,3.9044951486231496,0.9948843960306517,0.0010663913241157677,0.9958922835465618,0.993408903122793,8.386026327102799e-10,3.847113085990627e-10,0,rohith_watch_LR_straight_2.edf,rohith,watch,LR,straight,2,1,-7.406426742210311,0.0
8.276698249907009e-10,8.428758144117014e-10,9.290014858870969e-10,8.665157084298331e-10,4.461808166275883e-11,4.267433921327502e-10,4.2585136710494663e-10,3.9401573514859227e-10,4.155368314620963e-10,1.5222069878171336e-11,1.6748302534956343e-10,1.6569610674417838e-10,1.6127759673223048e-10,1.6481890960865742e-10,2.608184833957428e-12,2.327965048576357e-10,2.2715289557445254e-10,2.2098719232717083e-10,2.2697886425308637e-10,4.822701925004352e-12,3.2398025505747944e-10,3.295913909901644e-10,3.2594248815371854e-10,3.2650471140045416e-10,2.32497782758524e-12,2.821151283746601e-12,2.882800080590639e-12,3.284866103964235e-12,2.996272489433825e-12,2.0561266060058093e-13,1.814011128322313e-09,1.8283542681618554e-09,1.873231767620543e-09,1.8385323880349036e-09,0.3864562860885204,3.1700781811195093,0.5040603810392188,0.532219419735,-1.4420095167273217e-06,4.782529619311983e-05,2.2872589559596422e-09,-0.2450169637384151,-0.2963661580685546,0.04666666666666667,1.7170037605544808e-06,-1.6402459507493377e-06,4.865038203576837e-05,2.3668596722262137e-09,-0.24000874086886018,-0.38188638720513923,0.04666666666666667,1.7771625592538724e-06,-5.965212493177726e-06,5.356566466841066e-05,2.869280431368618e-09,-0.2732420488160577,-0.44668736953997357,0.04133333333333333,2.178648143593036e-06,-3.015822653551461e-06,5.012140946087974e-05,0.00013988532153022293,-0.00013988532153022293,2.2872589559596422e-09,0.20432199754136393,1.6979443997853232,2.3668596722262137e-09,0.20157464107059242,1.7268443109776541,2.869280431368618e-09,0.1816601578942134,1.9004680952631352,2.507799686518158e-09,0.1958522655020566,1.7750856020087042,0.9650068182412653,0.021707774548419493,0.9956743730481553,0.9484618326012582,5.82021475408976e-10,2.576629777839913e-10,2,rohith_watch_LR_straight_3.edf,rohith,watch,LR,straight,3,1,-114.97594576436849,0.0
9.009953661342144e-09,9.139938823122529e-09,7.850586637563771e-09,8.66682637400948e-09,5.796030343177358e-10,1.0137992686308093e-09,1.0466718430283893e-09,8.772095976754467e-10,9.792269031115484e-10,7.33748344380336e-11,1.3233362883383703e-09,1.313953884852385e-09,1.4733332818826528e-09,1.3702078183578024e-09,7.302124482735535e-11,1.68682662162153e-09,1.6735265456556775e-09,1.7893869628281537e-09,1.7165800433684538e-09,5.1767806251136415e-11,5.482181969755367e-10,5.472015653883086e-10,6.206683128569482e-10,5.720293584069311e-10,3.439543867471537e-11,1.0588942130937593e-11,1.1241662716341043e-11,1.646488258755874e-11,1.2765162478279125e-11,2.6296333972511996e-12,1.2269386690700963e-08,1.2418580439911247e-08,1.1154316393511883e-08,1.1947427841374698e-08,2.038701645329706,5.068508783490265,0.7537573536275507,2.5569983344011358,1.0464660714867587e-05,0.0001339323518417139,1.7937874869852648e-08,0.03856754345584346,-0.5724187340616216,0.034666666666666665,1.3535537995297456e-05,1.046547482493165e-05,0.0001341106864766615,1.7985676227241396e-08,0.05569051879750101,-0.546078546579166,0.034666666666666665,1.3571401792914504e-05,5.284630084490863e-06,0.00011562372603824103,1.3368846022966217e-08,-0.27500649353575973,-0.6167985548229673,0.04533333333333334,1.0047580003572094e-05,8.738255208096697e-06,0.0001282059390331733,0.0003568382407621052,-0.0002830224669241904,1.7937874869852648e-08,0.12366448419150104,2.9336915571232063,1.7985676227241396e-08,0.12321696250656416,2.9391242190079243,1.3368846022966217e-08,0.1467920559075477,2.6509642494566825,1.643079904002009e-08,0.13122450086853765,2.841260008529271,0.9507033828958815,0.0345826062296444,0.9996098632876679,0.9260218616937212,4.6168302042751785e-09,2.165215686165549e-09,1,rohith_watch_LR_upper_1.edf,rohith,watch,LR,upper,1,1,-386.6111935185314,0.0
1.2732081785896035e-08,1.1496410828911118e-08,1.1749986181452288e-08,1.1992826265419815e-08,5.328847018946479e-10,4.0742349131119047e-10,4.0361875881794035e-10,3.9838335491291937e-10,4.0314186834735003e-10,3.70599378624604e-12,7.915757287580347e-11,7.747625426334887e-11,9.141461749508933e-11,8.268281487808055e-11,6.212352789721862e-12,9.94224695597517e-11,9.868443455427725e-11,1.1406693429180294e-10,1.040579461352773e-10,7.083834030402339e-12,1.508117683244226e-10,1.5799432929365928e-10,1.5215090785151733e-10,1.5365233515653307e-10,3.118547576825432e-12,4.355019828631311e-12,4.245747074022579e-12,4.233433470219875e-12,4.278066790957922e-12,5.4645730025465085e-14,1.3394094534920034e-08,1.2160954098651013e-08,1.2418820811978746e-08,1.2657956481849931e-08,0.3261489907691259,1.4734959585185516,0.40463929489314104,0.4104282029529609,-2.3274886037885017e-06,0.0001215588896028614,1.4776563641480648e-08,0.4636112753524273,-0.04237843742121905,0.017333333333333333,1.1086485633511058e-05,-2.0251099952661757e-06,0.00011498326141997588,1.3221150406774515e-08,0.37014201416918785,-0.12684888947033235,0.02,9.918938607950581e-06,-1.915509769744727e-06,0.00011580677825926999,1.3411209890791729e-08,0.34828286960333454,-0.07563723278361323,0.017333333333333333,1.0061159301352289e-05,-2.0893694562664702e-06,0.00011748619067255554,0.00032618406216296036,-0.00024999996610237544,1.4776563641480648e-08,0.07636278972256472,4.700498150503102,1.3221150406774515e-08,0.0804097064359833,4.521886613475932,1.3411209890791729e-08,0.0787635326588016,4.571208332303591,1.3802974646348963e-08,0.07851200960578321,4.597864365427541,0.9977448207116911,0.0005578615928672402,0.9983827845668016,0.9970238861440476,1.5554132347061335e-09,6.927901560344539e-10,0,rohith_watch_LR_upper_2.edf,rohith,watch,LR,upper,2,1,15.624518873554878,0.0
3.0958794719215933e-09,2.845595332818328e-09,3.16798052276138e-09,3.0364851091671003e-09,1.381516568097385e-10,6.873459824132668e-10,6.245826644205665e-10,6.52992907321944e-10,6.549738513852591e-10,2.5661275960737547e-11,4.532959147885774e-10,4.747337070356201e-10,4.967196984825401e-10,4.749164401022458e-10,1.7728156345302677e-11,5.121576749253712e-10,5.315354738523433e-10,5.537049338230034e-10,5.324660275335726e-10,1.6974355718592197e-11,3.9021305248350906e-10,3.9038966084895337e-10,3.882598342065086e-10,3.89620849179657e-10,9.650799436788858e-13,5.195758166835624e-12,5.309330983902734e-12,5.082260910528824e-12,5.1957833537557265e-12,9.270097098122866e-14,4.690791939910575e-09,4.397412462924097e-09,4.768020459023363e-09,4.6187416206193456e-09,0.9700308902191802,3.7037642853972077,0.7506851108812883,1.087569082182356,5.31460975365095e-06,7.528670172184355e-05,5.668087456153841e-09,0.19173612438764562,-0.5064721285347322,0.03866666666666667,4.272249399740582e-06,5.108424520555467e-06,7.254576980543725e-05,5.262888716663491e-09,0.22662679022504062,-0.4339155399513328,0.04133333333333333,3.9667385383092775e-06,5.408525446152513e-06,7.626152847325749e-05,5.815820725077463e-09,0.1876901953189731,-0.46371489337188665,0.044,4.383804654434356e-06,5.277186573452977e-06,7.471466618390973e-05,0.0002017205965187612,-0.00016307445498842086,5.668087456153841e-09,0.1561644684292806,2.1458177281817616,5.262888716663491e-09,0.16121893872380763,2.0734245203843873,5.815820725077463e-09,0.15530189416275464,2.1521240899016547,5.582265632631599e-09,0.15756176710528094,2.1237887794892676,0.9955567015057146,0.0016605064266941325,0.996871575484219,0.9932142564437436,5.529320084139719e-10,2.3374842677073345e-10,2,rohith_watch_LR_upper_3.edf,rohith,watch,LR,upper,3,1,-27.147484331897218,0.0
6.251012007038046e-09,6.0950531164792515e-09,2.11122081269486e-09,4.819095312070719e-09,1.9158147130596297e-09,1.9209652005185293e-09,1.9271462913595335e-09,1.6099641079042602e-09,1.8193585332607742e-09,1.480857195428485e-10,1.3331354178913533e-09,1.3179597627515094e-09,1.3866771135090581e-09,1.3459240980506402e-09,2.9475202334011764e-11,1.419830304294794e-09,1.404546327773678e-09,1.4747814087147936e-09,1.4330526802610887e-09,3.0159189515489264e-11,3.050518695952096e-10,3.041416623745474e-10,3.3929733604196413e-10,3.161636226705737e-10,1.6362225603675727e-11,4.779759869209787e-12,4.998448966382641e-12,6.1713557781904256e-12,5.316521537927617e-12,6.110168650426589e-13,9.901639141315795e-09,9.73588584695339e-09,5.5414350211340696e-09,8.392986669801085e-09,3.236327943297455,3.001248244232091,0.8778992195741587,3.4459410792914027,1.2756115035474576e-05,0.00011119563921247614,1.2364470179871162e-08,-0.2674599633119367,-0.397882971968583,0.032,9.395391488002068e-06,1.2685282478577594e-05,0.0001104736152738987,1.2204419671685382e-08,-0.287157848794945,-0.3918820760748334,0.029333333333333333,9.274002047435017e-06,1.0307562872625679e-05,8.352151221012859e-05,6.975843001866659e-09,-0.4555290924633234,-0.03186491315018358,0.050666666666666665,5.311566640679843e-06,1.1916320128892615e-05,0.00010254855356027399,0.00028810242512857025,-0.00028810242512857025,1.2364470179871162e-08,0.12954648386763812,2.6738274007241136,1.2204419671685382e-08,0.13015465499858617,2.6655773004794985,6.975843001866659e-09,0.1683946889958961,2.1360874678801847,1.0514910951141068e-08,0.14269860928737346,2.4918307230279324,0.9557305737862768,0.030925741810472727,0.9994251605865646,0.9322432886007512,5.388627178004503e-09,2.5033518201907697e-09,0,rohith_watch_RL_lower_1.edf,rohith,watch,RL,lower,1,0,-178.80598363735965,0.0
6.366097586635372e-09,6.369525469173682e-09,6.194070931199414e-09,6.309897995669489e-09,8.191405757455129e-11,4.328547090909831e-10,4.262886668749323e-10,4.5693513691109737e-10,4.3869283762567095e-10,1.3174833079525609e-11,3.2464555414035395e-10,3.393595980299253e-10,3.059198843279368e-10,3.2330834549940535e-10,1.3684412259448342e-11,4.2908953735443784e-10,4.4035006223539547e-10,4.0821619381559634e-10,4.258852644684766e-10,1.3312823353219032e-11,1.9565000695531108e-10,1.9523611587641596e-10,1.9116015227748192e-10,1.9401542503640299e-10,2.0260410249506736e-12,6.102809223305072e-12,5.980646813716007e-12,6.3797278353259996e-12,6.154394624115694e-12,1.6695749086701313e-13,7.429794649259406e-09,7.437380960974143e-09,7.25676214203891e-09,7.374645917424153e-09,1.0994060763278564,1.8277043857882944,0.6145259106011984,1.4482981166010378,-5.3282272552629634e-06,0.00010811274300391006,1.1688365199829504e-08,0.4044532227415087,-0.0071400874603000375,0.025333333333333333,8.787566404134922e-06,-5.487579194634826e-06,0.00010753430406661227,1.1563626551090624e-08,0.3861988735803326,-0.04321427055175331,0.025333333333333333,8.695305057381009e-06,-5.162194494650369e-06,0.00010647751614409971,1.1337461444217015e-08,0.4030072008869604,0.06379774655904003,0.025333333333333333,8.52308227216321e-06,-5.326000314849386e-06,0.00010737707101639146,0.0003152020008647542,-0.00024389376271808646,1.1688365199829504e-08,0.10217508859813997,3.59016297583444,1.1563626551090624e-08,0.10281292282171536,3.557118567615401,1.1337461444217015e-08,0.10362075391999334,3.5536098648474646,1.152981773171238e-08,0.10286958844661624,3.5669638027657684,0.9990568534868739,0.0003532233888396318,0.9995235903129736,0.9986693173242561,3.5090375561248917e-10,1.4523690675708746e-10,0,rohith_watch_RL_lower_2.edf,rohith,watch,RL,lower,2,0,-5.4674319223148515,0.0
8.791888109711183e-10,7.279304283196126e-10,8.046363390933755e-10,8.039185261280355e-10,6.175306212206397e-11,6.955820682808813e-10,7.129103996703097e-10,6.239561231248487e-10,6.774828636920134e-10,3.850456019740919e-11,1.978653548717339e-10,2.2591662287185641e-10,2.0978332448939976e-10,2.1118843407766335e-10,1.1494902024229319e-11,2.3219896680111183e-10,2.637891037017848e-10,2.3980946862805746e-10,2.452658463769847e-10,1.3461382567801288e-11,1.9946121648945423e-10,2.0869701814429244e-10,1.88403631053525e-10,1.9885395522909057e-10,8.29586099942558e-12,3.016851483243487e-12,3.899718595974788e-12,3.314689320501964e-12,3.410419799906746e-12,3.667304443329169e-13,2.0094479140258077e-09,1.917226668431974e-09,1.860120251220308e-09,1.92893161122603e-09,0.7066573513694872,1.922809591500848,0.6113295438908688,0.8204732753204057,1.0625981859730927e-06,4.84877009837963e-05,2.351057146694041e-09,-0.5825055184698039,-0.1367911408621545,0.04666666666666667,1.7641396961991558e-06,1.783491894600404e-06,4.576739624182374e-05,2.094654558756102e-09,-0.5241313417003459,-0.27899416109575537,0.052,1.5733765515706554e-06,-1.0273129328011553e-06,4.832543852545753e-05,2.335348008677775e-09,-0.5460115458857633,0.11944420152481783,0.044,1.752302535404757e-06,6.062590492574469e-07,4.755811320244015e-05,0.00013956291835569436,-0.00013956291835569436,2.351057146694041e-09,0.1774128042811592,1.7901706967970787,2.094654558756102e-09,0.19378197238598377,1.6788299612309359,2.335348008677775e-09,0.1777659410522649,1.8002973210312327,2.260353238042639e-09,0.18298690590646927,1.756432659686416,0.9682542948661194,0.011945551236034961,0.9785564284925455,0.9515082367395611,2.5640258793793905e-10,1.1734204558264872e-10,0,rohith_watch_RL_lower_3.edf,rohith,watch,RL,lower,3,0,59.331331473363406,0.0
1.5747823800862806e-08,1.5408951376770476e-08,1.0321644697431018e-08,1.3826139958354766e-08,2.4819110788973774e-09,2.049852560360576e-09,2.1042279086592737e-09,1.6687195934269578e-09,1.9409333541489358e-09,1.9376002042122947e-10,1.1475333087421415e-09,1.1721120769744274e-09,1.0903655204857907e-09,1.1366703020674532e-09,3.424547230363172e-11,1.3118281840190704e-09,1.3368265847601917e-09,1.2480681401654012e-09,1.2989076363148877e-09,3.7369513300315346e-11,5.57048020857461e-10,5.425692776827906e-10,5.449261056111799e-10,5.481811347171438e-10,6.343233236555869e-12,6.0741935102112276e-12,6.221006976713488e-12,8.040706672585533e-12,6.778635719836749e-12,8.944293770577116e-13,1.967262675961012e-08,1.939879615484945e-08,1.379139924330715e-08,1.7620940719255572e-08,1.7537611758531366,5.134377845286907,0.8124665433051192,2.004066369129464,-2.7713085140421736e-06,0.00015685479881472633,2.4603427911208272e-08,0.026145283926093457,-0.6191078758174071,0.028,1.8458331046566206e-05,-3.0662927560214703e-06,0.00015558744524923635,2.4207453119184122e-08,0.015051385446640048,-0.6220569983368818,0.028,1.8162641452837312e-05,-1.173607851047374e-06,0.00013230067583030246,1.7503468825154776e-08,-0.10858286999389001,-0.48371699982014116,0.04,1.3128634635407111e-05,-2.337069707037003e-06,0.0001486790994374957,0.00036980211226068975,-0.00036980211226068975,2.4603427911208272e-08,0.10627296137034527,3.2392965008517147,2.4207453119184122e-08,0.10711820457328146,3.1992828563237685,1.7503468825154776e-08,0.12065936238855277,2.943655973710046,2.210478328518239e-08,0.1113501761107265,3.127411776961843,0.9792473252678148,0.014473347802785795,0.9997120574766095,0.9686791814879496,7.099959086053496e-09,3.257634118909412e-09,0,rohith_watch_RL_straight_1.edf,rohith,watch,RL,straight,1,0,-308.0500426062133,0.0
7.347143437839679e-09,5.402695288690223e-09,5.315272353491653e-09,6.021703693340518e-09,9.37906740077137e-10,9.416873849517683e-10,8.208613429492752e-10,8.686145651279707e-10,8.770544310096713e-10,4.9686729338747144e-11,2.542305821399724e-10,2.5059070520984605e-10,2.4611418013256004e-10,2.503118224941262e-10,3.319370127331121e-12,2.658143220669047e-10,2.6340884938934644e-10,2.6318052413359213e-10,2.641345651966144e-10,1.191419451206366e-12,2.352822857142011e-10,2.0208573538900903e-10,2.0083213095026033e-10,2.1273338401782348e-10,1.595269270492997e-11,6.38279232353293e-12,5.963409238416802e-12,6.26918798421941e-12,6.205129848723048e-12,1.7710284500412564e-13,8.796310222896084e-09,6.695014625656272e-09,6.654168761687695e-09,7.38183120341335e-09,0.80196823829804,2.0028761216611177,0.6873970012199649,0.8465388421119285,-1.676230112358464e-05,0.00014370809649471157,2.065201699813333e-08,-0.21808798671059262,-0.4084879840234086,0.028,1.569974380281829e-05,-1.332265533545102e-05,0.00012427076074468597,1.544322197606298e-08,-0.12484038036287716,-0.38311345707462774,0.02,1.1715536340937651e-05,-1.3097923090604841e-05,0.00012354107694520193,1.5262397692780305e-08,-0.11351232524142767,-0.39680795142565684,0.025333333333333333,1.1575464961550778e-05,-1.4394293183213502e-05,0.00013085115349342045,0.00036138019696531094,-0.00036138019696531094,2.065201699813333e-08,0.07629619331962863,4.805267397074724,1.544322197606298e-08,0.08438304303658849,4.38141596179595,1.5262397692780305e-08,0.08493807781926752,4.347141620377292,1.7119212222325536e-08,0.08187243805849488,4.5112749930826554,0.9950738203946057,0.0026270849682788057,0.9987862449798809,0.9930919461752845,5.389619305353023e-09,2.4991607315702233e-09,0,rohith_watch_RL_straight_2.edf,rohith,watch,RL,straight,2,0,36.72971889334758,0.0
5.067577774822525e-09,4.858460692105958e-09,5.134702789173329e-09,5.020247085367271e-09,1.176366430193046e-10,6.604274261658895e-10,6.361526659721983e-10,6.221232370998739e-10,6.395677764126539e-10,1.5822978217171992e-11,3.925838632250772e-10,4.0627243251770757e-10,3.93647693554817e-10,3.9750132976586725e-10,6.2172939641575136e-12,4.964761505483562e-10,5.00182921640662e-10,4.887567097878951e-10,4.951385939923043e-10,4.759647919860986e-12,3.2365852047085315e-10,3.192720628435753e-10,3.2745854861011936e-10,3.234630439748493e-10,3.344975893966403e-12,4.031804456512656e-12,4.418383523503578e-12,4.946203818955348e-12,4.4654639329905264e-12,3.7478346835383423e-13,6.552171676464136e-09,6.318486726085901e-09,6.577987488490169e-09,6.482881963680069e-09,0.938849671191039,3.0963414438875376,0.6678982357432512,1.169419635597776,4.362466459586601e-06,8.722828585719311e-05,7.608773853584197e-09,-0.4260098517614534,-0.10288679504983245,0.03333333333333333,5.720853725396411e-06,4.385861004765421e-06,8.611588923210125e-05,7.4159463782355326e-09,-0.3830390800946304,-0.21824733342214087,0.042666666666666665,5.576386616241492e-06,3.774960107495873e-06,8.683171983293836e-05,7.539747569145899e-09,-0.3737409562566861,-0.044520732763647874,0.029333333333333333,5.665498419719314e-06,4.174429190615965e-06,8.672698049615346e-05,0.00023616262366850735,-0.00023616262366850735,7.608773853584197e-09,0.1267620158825493,2.5816469666190978,7.4159463782355326e-09,0.12746143642925,2.55389022544015,7.539747569145899e-09,0.12713195711724146,2.5834403663664527,7.521489266988542e-09,0.12711846980968025,2.5729925194752337,0.9940310415937051,0.002226671850512277,0.9961017727393088,0.9909411308919841,1.9282747534866456e-10,7.977314924453778e-11,0,rohith_watch_RL_straight_3.edf,rohith,watch,RL,straight,3,0,4.369656851922561,0.0
6.951172145150131e-09,6.8205107257645575e-09,2.381564511987297e-09,5.384415794300661e-09,2.1240064295880756e-09,1.3153072257385327e-09,1.3000178798682666e-09,8.063383730222604e-10,1.1405544928763532e-09,2.3640890014553056e-10,1.3602529616616231e-09,1.3515353063823956e-09,1.36098727173696e-09,1.3575918465936597e-09,4.293100070242869e-12,1.5006989987334455e-09,1.4883832441848063e-09,1.5330035094120207e-09,1.5073619174434243e-09,1.8815558837277484e-11,3.381296880941869e-10,3.3624898430778634e-10,3.543681858134645e-10,3.429156194051459e-10,8.134503454862527e-12,6.355352892744681e-12,5.9685650168019255e-12,1.049001011046926e-11,7.604642673338623e-12,2.046364280162006e-12,1.0111663410609041e-08,9.95112939914222e-09,5.08576459034551e-09,8.382852466698923e-09,3.0660345557922493,3.186529252900114,0.8447000238710017,3.4036458169635195,7.629365313776115e-06,0.00010761641834415545,1.1581293497224279e-08,-0.517678512669759,-0.7330773321674613,0.032,8.729625534236494e-06,7.369121162926092e-06,0.00010662739813811588,1.1369402033704278e-08,-0.5365449323946471,-0.7105899191086906,0.036,8.567779485313623e-06,2.3855182298289355e-06,7.761528620162072e-05,6.0241326521594956e-09,-0.6024811529726217,-0.319705488623899,0.048,4.522367512038256e-06,5.794668235510381e-06,9.830614681059527e-05,0.00024665009196043455,-0.00024665009196043455,1.1581293497224279e-08,0.13600548941033688,2.683546988806816,1.1369402033704278e-08,0.136947246506417,2.658331822329683,6.0241326521594956e-09,0.18488923434259155,2.07409274248774,9.65827606102935e-09,0.15261399008644846,2.4719905178747466,0.9443908712808685,0.03891730722719768,0.9993847284877946,0.9149986973496692,5.557160845064783e-09,2.571183026708694e-09,0,rohith_watch_RL_upper_1.edf,rohith,watch,RL,upper,1,0,-53.2206964013921,0.0
6.239080009094881e-09,6.432502248306849e-09,6.1953354886832656e-09,6.288972582028332e-09,1.0305005124704338e-10,7.173094228941975e-10,7.122056489095456e-10,6.969508013935437e-10,7.088219577324289e-10,8.648907130895916e-12,6.149877259682208e-10,5.868351785428392e-10,6.260893631372313e-10,6.093040892160971e-10,1.652171393631666e-11,6.72448244352409e-10,6.440960575605855e-10,6.81455846386338e-10,6.660000494331108e-10,1.591902150602964e-11,2.8401610500986577e-10,2.8826593256756334e-10,2.838414408538442e-10,2.853744928104244e-10,2.045799728504286e-12,5.4408097399982094e-12,5.191215449599774e-12,6.415753077766677e-12,5.6825927557882205e-12,5.283416639148957e-13,7.918294591091359e-09,8.082261102794151e-09,7.863999330394763e-09,7.954851674760092e-09,1.5813346035719142,2.7004313733797005,0.795330793441417,1.7284519721138027,-1.1912190532544868e-07,0.00010553774617294527,1.1138215867265023e-08,0.16846703830138574,-0.7652705713216426,0.012,8.353672542970014e-06,-2.466711645066425e-07,0.0001064882189260128,1.1339740770034432e-08,0.1680024958393078,-0.7976368861419574,0.012,8.504851212523375e-06,-5.06276820602735e-07,0.0001054940124953135,1.1128986672361362e-08,0.1411899917800619,-0.7528244719563637,0.014666666666666666,8.346932241435331e-06,-2.906899634782746e-07,0.00010584110915362238,0.00024786944582976634,-0.00024786944582976634,1.1138215867265023e-08,0.11448497723531037,3.196334320032561,1.1339740770034432e-08,0.11281627389360117,3.247691935283485,1.1128986672361362e-08,0.11514302268091854,3.1815172142272883,1.1202314436553605e-08,0.11414809126994335,3.208514489847778,0.9990363204953794,0.0004317963559001417,0.9995550000510135,0.9984978736084118,2.107540976730702e-10,9.724811004206341e-11,1,rohith_watch_RL_upper_2.edf,rohith,watch,RL,upper,2,0,-29.667186548746557,0.0
2.0950427244552067e-09,1.9448666359478395e-09,1.7346474659543344e-09,1.9248522754524603e-09,1.478098250162618e-10,7.329451047739328e-10,7.45660221395577e-10,7.489738701551946e-10,7.425263987749014e-10,6.908736646463289e-12,3.3507516096481426e-10,3.8967640382328037e-10,3.7101169146260383e-10,3.652544187502328e-10,2.26595612231093e-11,3.9187250053465303e-10,4.4822938733942157e-10,4.3422116514273166e-10,4.247743510056021e-10,2.3957690422735898e-11,2.2708717739356481e-10,2.399944299332167e-10,2.4299821614077993e-10,2.3669327448918717e-10,6.902343029874211e-12,3.92619411200301e-12,4.611874099012822e-12,4.46625672075476e-12,4.3347749772568635e-12,2.949631025528209e-13,3.4508737012693625e-09,3.383362548715066e-09,3.1653069741137963e-09,3.333181074699408e-09,1.0840732615293256,2.268438503832354,0.695501740832755,1.260789425991039,4.577667276547637e-06,6.65734047789969e-05,4.432018223868168e-09,0.01557442632382008,-0.666740888070291,0.050666666666666665,3.3397299461722073e-06,3.825651739877534e-06,6.461306837826275e-05,4.174848605254058e-09,0.03569594822862152,-0.7170709746321546,0.030666666666666665,3.1421131623666645e-06,4.606974051779496e-06,6.40743096812023e-05,4.105517161122613e-09,0.10652412483830973,-0.3728496004425925,0.04533333333333334,3.0950560282772876e-06,4.336764356068222e-06,6.509679017649544e-05,0.00017800621114852431,-0.0001457528914722461,4.432018223868168e-09,0.15303594161993464,2.0870447161053294,4.174848605254058e-09,0.16108883639249394,1.99086342941887,4.105517161122613e-09,0.16250644948061246,1.9692959180427374,4.237461330081613e-09,0.15887707583101365,2.015734687855646,0.9854612453579,0.0060285721237079174,0.9911449331581879,0.9771160122731021,3.2650106274555455e-10,1.404540280097429e-10,0,rohith_watch_RL_upper_3.edf,rohith,watch,RL,upper,3,0,-65.17587495032316,0.0
